Rollup Name,Mfg | Model*,5G SgNB gNB Mkt #1,5G SgNB gNB #1,Attach EPS ID Type,5G SgNB MeNB-Initiated SgNB Rel Result #1,5G SgNB Req Count,5G SgNB Add Req Time* #1,5G SgNB Rel Req Rxd Time* #1,5G SgNB Rel Req Send Time* #1,5G FSM Mkt #,Record End Date*,Record Source,Rollup Mkt #,Def Bearer QCI #1,Def Bearer ID #1,Def Bearer QCI #2,Def Bearer ID #2,Attach Events #*,Attach Fail #*,Detach Events #*,Detach Reason,Rollup DL CH #*,Rollup eNB #,Rollup Cell ID #*,Rollup Carrier #*,Rollup Band #*,Procedure End Time*,Procedure Start Time*,Record End Hour*,Proc Duration (secs),IMSI,First PUSCH Distance (miles),Cell Meas Reports,Proc Category #1*,Proc Entry Type,First Distance (miles),Last Distance (miles),Proc ID #1,Proc CFC #1,Proc CFCQ #1,Proc CFCQ2 #1,Active VoLTE Device*,Proc Category #2*,Proc ID #2,Proc CFC #2,Proc CFCQ #2,RRC Category*,eNB CFC,eNB CFCQ,eNB CFCQ2,Carrier Aggregation Rec #,Proc Marker 1,Proc Marker 2,Proc Marker 3,UL Avg SINR (dB),Proc Marker 4,Proc Marker 5,VoLTE Category*,Failed SIP CDR,SIP Drop,First  CMR Purpose,First  CMR Trigger,First  CMR Trigger Type,First CMR DL CH#,First  CMR # of Cells,First  CMR Mkt Serving,First  CMR eNB Serving,First  CMR eNB Cell ID Serving,First  CMR PCI Serving,First  CMR RSRP Serving (dBm),First  CMR RSRQ Serving (dB),First  CMR Mkt #1,First  CMR eNB #1,First  CMR eNB Cell ID #1,First  CMR PCI #1,First  CMR RSRP #1 (dBm),First  CMR RSRQ #1 (dB),First  CMR Mkt #2,First  CMR eNB #2,First  CMR eNB Cell ID #2,VCFC,SIP Session Effective,SIP Call Setup Dir,SIP Call Duration (secs),E911,Proc CFCQ2 #2,Proc Category #3*,Proc ID #3,Proc CFC #3,Proc CFCQ #3,Proc CFCQ2 #3,RCF# Total,RCF Reason 0,RCF# 0,RCF Reason 1,RCF# 1,RCF Reason 2,RCF# 2,RLF Indicator,RLF Ind Received,DL RLC Throughput (Mbps),UL RLC Throughput (Mbps),CA 2DL Duration (secs),CA 3DL Duration (secs),CA 4DL Duration (secs),Proc Marker 6,Proc Marker 7,Proc Marker 8,Proc Marker 9,Proc Marker 10,Proc Marker 11,Proc Marker 12,Proc Marker 13,Proc Marker 14,Proc Marker 15,Proc Marker 16,Proc Marker 17,Proc Marker 18,Proc Marker 19,Proc Marker 20,UE Cnxt Fetch Response,Reestab*,Reestablishment Mkt #,Reestablishment eNB #,Reestablishment Cell ID #*,RRC Establishment Cause,ICS Failure*,ICS Events #*,Service Request Received Time*,S1 Release Time*,eNB Duration *(secs),DL RLC Tx (KB)*,DL RLC Re-Tx (KB)*,DL Re-Tx (%)*,DL RLC Total Tx (KB)*,UL RLC SDU Tx (KB)*,UL RLC PDU Tx (KB)*,UL Re-Tx (%)*,5G SgNB-Initiated SgNB Rel Result #1,DL RLC Tx Time (secs),IMEI,IMEI SV,Subscriber # (MSISDN),IMSI Operator*,GUMMEI PLMN,MME Pool,MME,UL PDU Rx TTIs (secs),CA 2DL RLC Tx (KB)*,CA 3DL RLC Tx (KB)*,CA 4DL RLC Tx (KB)*,QCI1 DL Sched Pkt Gap(weighted) secs,QCI1 UL Sched Pkt Gap(weighted) secs,QCI1 DL Total RTP Gap(weighted) secs,QCI1 UL Total RTP Gap(weighted) secs,Source eNB ID #,Source Cell ID #*,Source Band #*,Source DL CH #*,Target eNB ID #,Target Cell ID #*,Target Band #*,Target DL CH #*,All HO Good*,Last Intra-eNB Inter-Cell HO Category*,Last Intra-eNB Inter-Cell HO Result,Last X2 HO Category*,Last X2 HO Result,Last X2 HI Category*,Last S1 HO Category*,Last S1 HO Result,UE Mobility Trigger Reason,Paging Type,Paging QCI,Paging Attempt Count,Paging Att 1 eNB Count,Paging Att 2 eNB Count,Paging Att 3 eNB Count,Paging Att 4 eNB Count,Paging Success Duration* (secs),Per Call Paging Cost*,Last Seen TA,Current TA,SGW IP Address,Active SGW,Diameter Result Code,UL Avg Norm Pwr Headroom (dB),UL Max Init MAC BLER (%),UL Max Resid MAC BLER (%),UL Resid VoIP BLER (%),Avg WB CQI L0 - Rank 1 TXDiv,Avg WB CQI L0 - Rank 2 MIMO,Avg WB CQI L1,PCell DL TTI MIMO #,PCell DL TTI Total #,5G SgNB Add Req Result #1,First  CMR PCI #2,First  CMR RSRP #2 (dBm),First  CMR RSRQ #2 (dB),First  CMR Mkt #3,First  CMR eNB #3,First  CMR eNB Cell ID #3,First  CMR PCI #3,First  CMR RSRP #3 (dBm),First  CMR RSRQ #3 (dB),Last  CMR Purpose,Last  CMR Trigger Type,Last  CMR Trigger,Last CMR DL CH#,Last  CMR # of Cells,Last  CMR Mkt Serving,Last  CMR eNB Serving,Last  CMR eNB Cell ID Serving,Last  CMR PCI Serving,Last  CMR RSRP Serving (dBm),Last  CMR RSRQ Serving (dB),Last  CMR Mkt #1,Last  CMR eNB #1,Last  CMR eNB Cell ID #1,Last  CMR PCI #1,Last  CMR RSRP #1 (dBm),Last  CMR RSRQ #1 (dB),Last  CMR Mkt #2,Last  CMR eNB #2,Last  CMR eNB Cell ID #2,Last  CMR PCI #2,Last  CMR RSRP #2 (dBm),Last  CMR RSRQ #2 (dB),Last  CMR Mkt #3,Last  CMR eNB #3,Last  CMR eNB Cell ID #3,Last  CMR PCI #3,Last  CMR RSRP #3 (dBm),Last  CMR RSRQ #3 (dB),Def Bearer All Good*,Ded Bearer All Good*,Def Bearer Rec Cnt,Ded Bearer Rec Cnt*,Total Bearer Rec Cnt*,QCI 1 Bearer Count*,QCI 5 Bearer Count*,QCI 6 Bearer Count*,QCI 7 Bearer Count*,QCI 8 Bearer Count*,QCI 9 Bearer Count*,QCI Unknown Bearer Count*,Def Bearer PGW #1,Def Bearer APN #1,Def Bearer Category* #1,Def Bearer FC #1,Def Bearer FCQ #1,Def Bearer FCQ2 #1,Def Bearer UE IP #1,Ded Bearer QCI #1.1,Ded Bearer ID #1.1,Ded Bearer Category* #1.1,Ded Bearer FC #1.1,Ded Bearer FCQ #1.1,Ded Bearer FCQ2 #1.1,Ded Bearer QCI #1.2,Ded Bearer ID #1.2,Ded Bearer Category* #1.2,Ded Bearer FC #1.2,Ded Bearer FCQ #1.2,Ded Bearer FCQ2 #1.2,Def Bearer PGW #2,Def Bearer APN #2,Def Bearer Category* #2,Def Bearer FC #2,Def Bearer FCQ #2,Def Bearer FCQ2 #2,Def Bearer UE IP #2,Ded Bearer QCI #2.1,Ded Bearer ID #2.1,Ded Bearer Category* #2.1,Ded Bearer FC #2.1,Ded Bearer FCQ #2.1,Ded Bearer FCQ2 #2.1,Ded Bearer QCI #2.2,Ded Bearer ID #2.2,Ded Bearer Category* #2.2,Ded Bearer FC #2.2,Ded Bearer FCQ #2.2,Ded Bearer FCQ2 #2.2,Def Bearer PGW #3,Def Bearer APN #3,Def Bearer QCI #3,Def Bearer ID #3,Def Bearer Category* #3,Def Bearer FC #3,Def Bearer FCQ #3,Def Bearer FCQ2 #3,Def Bearer UE IP #3,Ded Bearer QCI #3.1,Ded Bearer Category* #3.1,Ded Bearer ID #3.1,Ded Bearer FC #3.1,Ded Bearer FCQ2 #3.1,Ded Bearer FCQ #3.1,Ded Bearer QCI #3.2,Ded Bearer ID #3.2,Ded Bearer Category* #3.2,Ded Bearer FC #3.2,Ded Bearer FCQ #3.2,Ded Bearer FCQ2 #3.2,Def Bearer APN #4,Def Bearer PGW #4,Def Bearer QCI #4,Def Bearer ID #4,Def Bearer Category* #4,Def Bearer FC #4,Def Bearer FCQ #4,Def Bearer FCQ2 #4,Def Bearer UE IP #4,Ded Bearer QCI #4.1,Ded Bearer Category* #4.1,Ded Bearer ID #4.1,Ded Bearer FC #4.1,Ded Bearer FCQ #4.1,Ded Bearer FCQ2 #4.1,Ded Bearer QCI #4.2,Ded Bearer ID #4.2,Ded Bearer Category* #4.2,Ded Bearer FC #4.2,Ded Bearer FCQ #4.2,Ded Bearer FCQ2 #4.2,Target MME for HO,Target SGW for HO or TAU,CDMA Rcvr Type,Attach Type,C-RNTI,M-TMSI,UE VLR Index,PCMD Version,eNB PCMD Version,Data File Name,PCMD ID #,SEA: Last CMR RSRP #1 (dBm),SEA: Last CMR RSRP #2 (dBm),SEA: Last CMR RSRQ #1 (dB),SEA: Last CMR RSRQ #2 (dB),Rollup eNB ID #,Rollup eNB.Cell ID,Rollup Mkt.eNB.Cell ID,Rollup Mkt.eNB.Cell ID.Carrier #,Rollup Mkt.eNB.Sector.Carrier #,DU header,5G SgNB gNB ID #1,5GN CU:SgNB Rel Reason #1,5G SgNB MeNB UE X2AP ID #1,5G Rollup Mkt,5G FSM eNB #,5G FSM eNB ID #,5G Rollup DU #,5GN DU:CA Setup Good # #1,5GN Du:CA Rec Cnt,5GN DU:Source ID #1,5GN DU Pri:Cell ID #1,5GN DU:C-RNTI #1,5GN DU:CFC #1,5GN DU:CFCQ #1,5GN DU:CFCQ2 #1,5GN DU:CFC #2,5GN DU:CFCQ #2,5GN DU:CFCQ2 #2,5GN DU:UE Cnxt Setup Result #1,5GN DU:gNB CU UE F1AP ID #1,5GN DU:E-RAB ID #1,5GN DU: UE Cntxt Rel Reason #1,5GN DU:DRB ID #1,5GN DU:QCI #1,5GN DU: UE Cntxt Rel Reason #2,5GN DU:Bearer Setup Good # #1,5GN DU:Bearer Setup Failed # #1,5GN DU CA:DL UE Sched Dur (secs) #1,5GN DU:UL PDU RX Dur (secs) #1,5GN DU:Sub Carrier Spacing (kHz) #1,5GN DU:DL CA Init Trans MAC PDU Cnt #1,5GN DU:DL Total RLC PDU TX (KBs) #1,5GN DU:DL Data Dur (secs) #1,5GN Du:Primary Rec Cnt,5GN Du:Bearer Rec Cnt,5GN DU:Pre-emp Cap #1,5GN DU:Pre-emp Vuln #1,5GN DU:SCell Index #1,5GN DU:UL Data Dur (secs) #1,5GN DU:UL Total RLC PDU RX (KBs) #1,5G Rollup gNB #,5GN CU:CA Rec Cnt,5GN CU:Source ID #1,5GN CU:gNB CU ID #1,5GN CU:C-RNTI #1,5GN CU:CFC #1,5GN CU:CFC #2,5GN CU:CFCQ #1,5GN CU:CFCQ #2,5GN CU:CFCQ2 #1,5GN CU:CFCQ2 #2,5GN CU:eNB ID #1,5GN CU:MeNB UE X2AP ID #1,5GN CU:SgNB UE X2AP ID #1,5GN CU:SgNB Add Req Rx Time #1,5GN CU:SgNB Add Req Ack Send Time #1,5GN CU:SgNB Add Req Rej Send Time #1,5GN CU:SgNB Recfg Comp Rx Time #1,5GN CU:DU UE Cnxt Setup Result #1,5GN CU:gNB DU IDs #1,5GN CU:gNB CU UE F1AP ID #1,5GN CU:gNB DU UE F1AP ID #1,5GN CU:SgNB Rel Req Time #1,5GN CU:SgNB Rel Resp Time #1,5GN CU:E-RAB ID #1,5GN CU:DRB ID #1,5GN CU:QCI #1,5GN CU:Bearer Setup Good # #1,5GN CU:Bearer Setup Failed # #1,5GN CU:Bearer Rel # #1,5GN CU:SCell Index #1,UL UE Category,DL UE Category,MME UE S1 AP ID,eNB UE S1 AP ID,CU header,5GN CU:SgNB Add Result #1,5G Rollup Mkt.gNB #.DU #.Cell ID,5GN CU:SgNB Rel Reason #2,5GN CU:SgNB Rel Reason #3,5G Rollup Cell ID,5GN DU:gNB DU ID #1,5GN CU:CFC #3,5GN CU:CFCQ #3,5GN CU:CFCQ2 #3,5GN CU:CFC #4,5GN CU:CFCQ #4,5GN CU:SN Status Xfer Rx Time #1,5GN CU:SN Status Xfer Rx Time #2,5GN CU:Source ID #2,5GN CU:CFCQ2 #4,5GN CU:CA Setup Failure # #1,5G SgNB MeNB UE X2AP ID Ext #1,5G SgNB UE X2AP ID #1,5GN CU:PCMD Version,5GN CU:Primary Rec Cnt,5GN CU:Bearer Rec Cnt,5GN Du:PCMD Version,5GN CU:CA Setup Good # #1,5G FSM PCMD version,5GN DU CA:DL UE Sched Dur (secs) #2,5G FSM Mkt.eNB #,UE Release Number,Service Initiation #,Sequence #
SALISBURY_PLAINS_MA,,,,,,,,,,,10岿 24老,CSL,58,,,,,,,,,2050,123,32,2,4,0:00:09,,8,,3.11E+14,0.73,None,,,0.73,0.73,,,,,Y,,,,,RD,4,,32,0,,,,-1.8,,,,,,,,,,,,,,,,,,,,,,,,,,,,,,,,,,,,,,,,,,,,,,,,,,,,,,,,,,,,,,,,,,,,,,,6,,,,,0.59,0,0,,0,0,0,,,,3.56E+13,2,8572591460,Verizon Wireless | USA,,,,,,,,,,,,,,,,,,,,,,,,,,,,,,,,,,,,,,,,,,,5.5,8000,0,,10,10,,,57,,,,,,,,,,,,,,,,,,,,,,,,,,,,,,,,,,,,,,,,,,,,,,,,,,,,,,,,,,,,,,,,,,,,,,,,,,,,,,,,,,,,,,,,,,,,,,,,,,,,,,,,,,,,,,,,,,,,,,,,,,,,,,,,,,,,,,,,20546,,,,,2020102412,,,,,,58123,123.32,58.123.32,58.123.32.2,58.123.3.2,,,,,,,,,,,,,,,,,,,,,,,,,,,,,,,,,,,,,,,,,,,,,,,,,,,,,,,,,,,,,,,,,,,,,,,,,,,,,,,,,,,,,,,,,,,,,,,,,,,,,,,,,,
SALISBURY_PLAINS_MA,,,,,,,,,,,10岿 24老,CSL,58,,,,,,,,,1025,123,24,4,2,0:01:12,,14,,3.11E+14,0.1,First,,,0.1,0.1,,,,,Y,,,,,Good,2,,,0,,,,24,,,,,,0,A3,E,1025,1,58,123,24,128,-82,-15.5,14879,522,,127,-77,-12,,,,,,,,,,,,,,,,,,,,,,,,,,,,,,,,,,,,,,,,,,,,,,,,,6,,,,,5.01,0,0,,0,0,0,,,,3.56E+13,2,8572591460,Verizon Wireless | USA,,,,,,,,,,,,58123,24,2,1025,58123,24,2,1025,Y,Good,0,,,,,,,,,,,,,,,,,,,,,28.5,700,0,,6,7,,2,25,,,,,,,,,,,,,,,,,,,,,,,,,,,,,,,,,,,,,,,,,,,,,,,,,,,,,,,,,,,,,,,,,,,,,,,,,,,,,,,,,,,,,,,,,,,,,,,,,,,,,,,,,,,,,,,,,,,,,,,,,,,,,,,,,,,,,,,,12352,,,,,2020102418,,,,,,58123,123.24,58.123.24,58.123.24.4,58.123.2.4,,,,,,,,,,,,,,,,,,,,,,,,,,,,,,,,,,,,,,,,,,,,,,,,,,,,,,,,,,,,,,,,,,,,,,,,,,,,,,,,,,,,,,,,,,,,,,,,,,,,,,,,,,
SALISBURY_PLAINS_MA,,,,,,,,,,,10岿 24老,CSL,58,,,,,,,,,2050,123,32,2,4,0:01:48,,8,,3.11E+14,0.82,None,,,0.82,0.82,,,,,Y,,,,,RD,4,,32,0,,,,-1.6,,,,,,,,,,,,,,,,,,,,,,,,,,,,,,,,,,,,,,,,,,,,,,,,,,,,,,,,,,,,,,,,,,,,,,,6,,,,,0.72,0,0,,0,0,0,,,,3.56E+13,2,8572591460,Verizon Wireless | USA,,,,,,,,,,,,,,,,,,,,,,,,,,,,,,,,,,,,,,,,,,,-3.5,5000,700,,,,,,63,,,,,,,,,,,,,,,,,,,,,,,,,,,,,,,,,,,,,,,,,,,,,,,,,,,,,,,,,,,,,,,,,,,,,,,,,,,,,,,,,,,,,,,,,,,,,,,,,,,,,,,,,,,,,,,,,,,,,,,,,,,,,,,,,,,,,,,,11821,,,,,2020102412,,,,,,58123,123.32,58.123.32,58.123.32.2,58.123.3.2,,,,,,,,,,,,,,,,,,,,,,,,,,,,,,,,,,,,,,,,,,,,,,,,,,,,,,,,,,,,,,,,,,,,,,,,,,,,,,,,,,,,,,,,,,,,,,,,,,,,,,,,,,
SALISBURY_3_MA,,,,,,,,,,,10岿 24老,CSL,58,,,,,,,,,5230,124,1,1,13,0:02:14,,13,,3.11E+14,2.18,First,,,2.18,2.18,,,,,Y,,,,,Good,2,101,,1,,,,8.4,,,,,,0,A3,E,5230,1,58,124,1,11,-109,-20,15703,43,,113,-103,-13.5,,,,,,,,,,,,,,,,,,,,,,,,,,,,,,,,,,,,,,,,,,,,,,,,,6,,,,,6.22,3,0,0,3,54,54,0,,,3.56E+13,2,8572591460,Verizon Wireless | USA,,,,,,,,,,,,58124,1,13,5230,61340,3,13,5230,Y,,,Good,0,Good,,,,,,,,,,,,,,,,,,2.5,700,0,,,2,,,222,,,,,,,,,,,,,,,,,,,,,,,,,,,,,,,,,,,,,,,,,,,,,,,,,,,,,,,,,,,,,,,,,,,,,,,,,,,,,,,,,,,,,,,,,,,,,,,,,,,,,,,,,,,,,,,,,,,,,,,,,,,,,,,,,,,,,,,,20249,,,,,2020102417,,,,,,58124,124.1,58.124.1,58.124.1.1,58.124.1.1,,,,,,,,,,,,,,,,,,,,,,,,,,,,,,,,,,,,,,,,,,,,,,,,,,,,,,,,,,,,,,,,,,,,,,,,,,,,,,,,,,,,,,,,,,,,,,,,,,,,,,,,,,
SALISBURY_PLAINS_MA,,,,,,,,,,,10岿 24老,CSL,58,,,,,,,,,2050,123,32,2,4,0:03:27,,14,,3.11E+14,0.53,None,,,0.53,0.53,,,,,Y,,,,,RD,4,,32,0,,,,0,,,,,,,,,,,,,,,,,,,,,,,,,,,,,,,,,,,,,,,,,,,,,,,,,,,,,,,,,,,,,,,,,,,,,,,6,,,,,0.73,0,0,,0,0,0,,,,3.56E+13,2,8572591460,Verizon Wireless | USA,,,,,,,,,,,,,,,,,,,,,,,,,,,,,,,,,,,,,,,,,,,12.5,7100,700,,,,,,87,,,,,,,,,,,,,,,,,,,,,,,,,,,,,,,,,,,,,,,,,,,,,,,,,,,,,,,,,,,,,,,,,,,,,,,,,,,,,,,,,,,,,,,,,,,,,,,,,,,,,,,,,,,,,,,,,,,,,,,,,,,,,,,,,,,,,,,,13123,,,,,2020102418,,,,,,58123,123.32,58.123.32,58.123.32.2,58.123.3.2,,,,,,,,,,,,,,,,,,,,,,,,,,,,,,,,,,,,,,,,,,,,,,,,,,,,,,,,,,,,,,,,,,,,,,,,,,,,,,,,,,,,,,,,,,,,,,,,,,,,,,,,,,
SALISBURY_PLAINS_MA,,,,,,,,,,,10岿 24老,CSL,58,,,,,,,,,2050,123,32,2,4,0:03:50,,10,,3.11E+14,0.34,None,,,0.34,0.34,,,,,Y,,,,,RD,4,,32,0,,,,-0.5,,,,,,,,,,,,,,,,,,,,,,,,,,,,,,,,,,,,,,,,,,,,,,,,,,,,,,,,,,,,,,,,,,,,,,,6,,,,,0.58,0,0,,0,0,0,,,,3.56E+13,2,8572591460,Verizon Wireless | USA,,,,,,,,,,,,,,,,,,,,,,,,,,,,,,,,,,,,,,,,,,,5.5,7000,0,,,,,,71,,,,,,,,,,,,,,,,,,,,,,,,,,,,,,,,,,,,,,,,,,,,,,,,,,,,,,,,,,,,,,,,,,,,,,,,,,,,,,,,,,,,,,,,,,,,,,,,,,,,,,,,,,,,,,,,,,,,,,,,,,,,,,,,,,,,,,,,63033,,,,,2020102414,,,,,,58123,123.32,58.123.32,58.123.32.2,58.123.3.2,,,,,,,,,,,,,,,,,,,,,,,,,,,,,,,,,,,,,,,,,,,,,,,,,,,,,,,,,,,,,,,,,,,,,,,,,,,,,,,,,,,,,,,,,,,,,,,,,,,,,,,,,,
SALISBURY_PLAINS_MA,,,,,,,,,,,10岿 24老,CSL,58,,,,,,,,,2050,123,32,2,4,0:04:11,,16,,3.11E+14,0.53,None,,,0.53,0.53,,,,,Y,,,,,RD,4,,32,0,,,,-0.8,,,,,,,,,,,,,,,,,,,,,,,,,,,,,,,,,,,,,,,,,,,,,,,,,,,,,,,,,,,,,,,,,,,,,,,6,,,,,0.61,0,0,,0,0,0,,,,3.56E+13,2,8572591460,Verizon Wireless | USA,,,,,,,,,,,,,,,,,,,,,,,,,,,,,,,,,,,,,,,,,,,2.5,6000,0,,,,,,74,,,,,,,,,,,,,,,,,,,,,,,,,,,,,,,,,,,,,,,,,,,,,,,,,,,,,,,,,,,,,,,,,,,,,,,,,,,,,,,,,,,,,,,,,,,,,,,,,,,,,,,,,,,,,,,,,,,,,,,,,,,,,,,,,,,,,,,,64767,,,,,2020102420,,,,,,58123,123.32,58.123.32,58.123.32.2,58.123.3.2,,,,,,,,,,,,,,,,,,,,,,,,,,,,,,,,,,,,,,,,,,,,,,,,,,,,,,,,,,,,,,,,,,,,,,,,,,,,,,,,,,,,,,,,,,,,,,,,,,,,,,,,,,
SALISBURY_PLAINS_MA,,,,,,,,,,,10岿 24老,CSL,58,,,,,,,,,2050,123,32,2,4,0:04:33,,11,,3.11E+14,0.58,None,,,0.58,0.58,,,,,Y,,,,,RD,4,,32,0,,,,-1.8,,,,,,,,,,,,,,,,,,,,,,,,,,,,,,,,,,,,,,,,,,,,,,,,,,,,,,,,,,,,,,,,,,,,,,,6,,,,,0.76,0,0,,0,0,0,,,,3.56E+13,2,8572591460,Verizon Wireless | USA,,,,,,,,,,,,,,,,,,,,,,,,,,,,,,,,,,,,,,,,,,,-4.5,7300,0,,,,,,92,,,,,,,,,,,,,,,,,,,,,,,,,,,,,,,,,,,,,,,,,,,,,,,,,,,,,,,,,,,,,,,,,,,,,,,,,,,,,,,,,,,,,,,,,,,,,,,,,,,,,,,,,,,,,,,,,,,,,,,,,,,,,,,,,,,,,,,,26175,,,,,2020102415,,,,,,58123,123.32,58.123.32,58.123.32.2,58.123.3.2,,,,,,,,,,,,,,,,,,,,,,,,,,,,,,,,,,,,,,,,,,,,,,,,,,,,,,,,,,,,,,,,,,,,,,,,,,,,,,,,,,,,,,,,,,,,,,,,,,,,,,,,,,
SALISBURY_PLAINS_MA,,,,,,,,,,,10岿 24老,CSL,58,,,,,,,,,2050,123,32,2,4,0:05:04,,11,,3.11E+14,0.58,None,,,0.58,0.58,,,,,Y,,,,,RD,4,,32,0,,,,-1.7,,,,,,,,,,,,,,,,,,,,,,,,,,,,,,,,,,,,,,,,,,,,,,,,,,,,,,,,,,,,,,,,,,,,,,,6,,,,,0.72,0,0,,0,0,0,,,,3.56E+13,2,8572591460,Verizon Wireless | USA,,,,,,,,,,,,,,,,,,,,,,,,,,,,,,,,,,,,,,,,,,,-4.5,6200,0,,,,,,74,,,,,,,,,,,,,,,,,,,,,,,,,,,,,,,,,,,,,,,,,,,,,,,,,,,,,,,,,,,,,,,,,,,,,,,,,,,,,,,,,,,,,,,,,,,,,,,,,,,,,,,,,,,,,,,,,,,,,,,,,,,,,,,,,,,,,,,,7469,,,,,2020102415,,,,,,58123,123.32,58.123.32,58.123.32.2,58.123.3.2,,,,,,,,,,,,,,,,,,,,,,,,,,,,,,,,,,,,,,,,,,,,,,,,,,,,,,,,,,,,,,,,,,,,,,,,,,,,,,,,,,,,,,,,,,,,,,,,,,,,,,,,,,
AMESBURY_3_MA,,,,,,,,,,,10岿 24老,CSL,58,,,,,,,,,2050,171,22,2,4,0:05:20,,13,,3.11E+14,1.89,Both,,,1.89,1.89,,,,,Y,,,,,Good,2,,,1,,,,8.5,,,,,,4,A2,E,2050,1,58,171,22,57,-124,-14.5,,,,,,,,,,,,,,,,,,,,,,,,,,,,,,,,,,,,,,,,,,,,,,,,,,,,,,,6,,,,,0.61,0,0,,0,0,0,,,,3.56E+13,2,8572591460,Verizon Wireless | USA,,,,,,,,,,,,58171,22,4,2050,58171,22,4,2050,Y,Good,0,,,,,,,,,,,,,,,,,,,,,-10.5,800,0,,6,3,,,20,,,,,,,,,,,9,E,A5,2050,1,58,171,22,57,-124,-14.5,14891,778,,57,-113,107.5,,,,,,,,,,,,,,,,,,,,,,,,,,,,,,,,,,,,,,,,,,,,,,,,,,,,,,,,,,,,,,,,,,,,,,,,,,,,,,,,,,,,,,,,,,,,,,,,,,,,,,,,,,,,,49469,,,,,2020102417,,-113,,107.5,,58171,171.22,58.171.22,58.171.22.2,58.171.2.2,,,,,,,,,,,,,,,,,,,,,,,,,,,,,,,,,,,,,,,,,,,,,,,,,,,,,,,,,,,,,,,,,,,,,,,,,,,,,,,,,,,,,,,,,,,,,,,,,,,,,,,,,,
SALISBURY_PLAINS_MA,,,,,,,,,,,10岿 24老,CSL,58,,,,,,,,,2050,123,32,2,4,0:05:30,,10,,3.11E+14,0.34,None,,,0.34,0.34,,,,,Y,,,,,RD,4,,32,0,,,,-0.9,,,,,,,,,,,,,,,,,,,,,,,,,,,,,,,,,,,,,,,,,,,,,,,,,,,,,,,,,,,,,,,,,,,,,,,6,,,,,0.72,0,0,,0,0,0,,,,3.56E+13,2,8572591460,Verizon Wireless | USA,,,,,,,,,,,,,,,,,,,,,,,,,,,,,,,,,,,,,,,,,,,5.5,3500,1200,,15,,,,87,,,,,,,,,,,,,,,,,,,,,,,,,,,,,,,,,,,,,,,,,,,,,,,,,,,,,,,,,,,,,,,,,,,,,,,,,,,,,,,,,,,,,,,,,,,,,,,,,,,,,,,,,,,,,,,,,,,,,,,,,,,,,,,,,,,,,,,,39239,,,,,2020102414,,,,,,58123,123.32,58.123.32,58.123.32.2,58.123.3.2,,,,,,,,,,,,,,,,,,,,,,,,,,,,,,,,,,,,,,,,,,,,,,,,,,,,,,,,,,,,,,,,,,,,,,,,,,,,,,,,,,,,,,,,,,,,,,,,,,,,,,,,,,
SALISBURY_PLAINS_MA,,,,,,,,,,,10岿 24老,CSL,58,,,,,,,,,2050,123,32,2,4,0:06:36,,1,,3.11E+14,0.58,None,,,0.58,0.58,,,,,Y,,,,,RD,4,,32,0,,,,-2.6,,,,,,,,,,,,,,,,,,,,,,,,,,,,,,,,,,,,,,,,,,,,,,,,,,,,,,,,,,,,,,,,,,,,,,,4,,,,,0.72,0,0,,0,0,0,,,,3.56E+13,2,8572591460,Verizon Wireless | USA,,,,,,,,,,,,,,,,,,,,,,,,,,,,,,,,,,,,,,,,,,,-3.5,6900,0,,,12,,,79,,,,,,,,,,,,,,,,,,,,,,,,,,,,,,,,,,,,,,,,,,,,,,,,,,,,,,,,,,,,,,,,,,,,,,,,,,,,,,,,,,,,,,,,,,,,,,,,,,,,,,,,,,,,,,,,,,,,,,,,,,,,,,,,,,,,,,,,16192,,,,,2020102405,,,,,,58123,123.32,58.123.32,58.123.32.2,58.123.3.2,,,,,,,,,,,,,,,,,,,,,,,,,,,,,,,,,,,,,,,,,,,,,,,,,,,,,,,,,,,,,,,,,,,,,,,,,,,,,,,,,,,,,,,,,,,,,,,,,,,,,,,,,,
SALISBURY_PLAINS_MA,,,,,,,,,,,10岿 24老,CSL,58,,,,,,,,,2050,123,32,2,4,0:06:55,,10,,3.11E+14,0.34,None,,,0.34,0.34,,,,,Y,,,,,RD,4,,32,0,,,,0,,,,,,,,,,,,,,,,,,,,,,,,,,,,,,,,,,,,,,,,,,,,,,,,,,,,,,,,,,,,,,,,,,,,,,,6,,,,,0.83,0,0,,0,0,0,,,,3.56E+13,2,8572591460,Verizon Wireless | USA,,,,,,,,,,,,,,,,,,,,,,,,,,,,,,,,,,,,,,,,,,,6.5,6300,600,,15,,,,88,,,,,,,,,,,,,,,,,,,,,,,,,,,,,,,,,,,,,,,,,,,,,,,,,,,,,,,,,,,,,,,,,,,,,,,,,,,,,,,,,,,,,,,,,,,,,,,,,,,,,,,,,,,,,,,,,,,,,,,,,,,,,,,,,,,,,,,,38463,,,,,2020102414,,,,,,58123,123.32,58.123.32,58.123.32.2,58.123.3.2,,,,,,,,,,,,,,,,,,,,,,,,,,,,,,,,,,,,,,,,,,,,,,,,,,,,,,,,,,,,,,,,,,,,,,,,,,,,,,,,,,,,,,,,,,,,,,,,,,,,,,,,,,
SALISBURY_PLAINS_MA,,,,,,,,,,,10岿 24老,CSL,58,,,,,,,,,2050,123,32,2,4,0:07:02,,9,,3.11E+14,0.44,None,,,0.44,0.44,,,,,Y,,,,,RD,4,,32,0,,,,0.2,,,,,,,,,,,,,,,,,,,,,,,,,,,,,,,,,,,,,,,,,,,,,,,,,,,,,,,,,,,,,,,,,,,,,,,6,,,,,0.69,0,0,,0,0,0,,,,3.56E+13,2,8572591460,Verizon Wireless | USA,,,,,,,,,,,,,,,,,,,,,,,,,,,,,,,,,,,,,,,,,,,8.5,5300,700,,15,,,,78,,,,,,,,,,,,,,,,,,,,,,,,,,,,,,,,,,,,,,,,,,,,,,,,,,,,,,,,,,,,,,,,,,,,,,,,,,,,,,,,,,,,,,,,,,,,,,,,,,,,,,,,,,,,,,,,,,,,,,,,,,,,,,,,,,,,,,,,62778,,,,,2020102413,,,,,,58123,123.32,58.123.32,58.123.32.2,58.123.3.2,,,,,,,,,,,,,,,,,,,,,,,,,,,,,,,,,,,,,,,,,,,,,,,,,,,,,,,,,,,,,,,,,,,,,,,,,,,,,,,,,,,,,,,,,,,,,,,,,,,,,,,,,,
SALISBURY_PLAINS_MA,,,,,,,,,,,10岿 24老,CSL,58,,,,,,,,,2050,123,32,2,4,0:08:03,,14,,3.11E+14,0.97,None,,,0.97,0.97,,,,,Y,,,,,RD,4,,32,0,,,,-3.4,,,,,,,,,,,,,,,,,,,,,,,,,,,,,,,,,,,,,,,,,,,,,13,,,,,,,,,,,,,,,,,,,,,,,,,,6,,,,,0.97,0,0,,0,0,0,,,,3.56E+13,2,8572591460,Verizon Wireless | USA,,,,,,,,,,,,,,,,,,,,,,,,,,,,,,,,,,,,,,,,,,,-2.5,6200,0,,,,,,122,,,,,,,,,,,,,,,,,,,,,,,,,,,,,,,,,,,,,,,,,,,,,,,,,,,,,,,,,,,,,,,,,,,,,,,,,,,,,,,,,,,,,,,,,,,,,,,,,,,,,,,,,,,,,,,,,,,,,,,,,,,,,,,,,,,,,,,,32325,,,,,2020102418,,,,,,58123,123.32,58.123.32,58.123.32.2,58.123.3.2,,,,,,,,,,,,,,,,,,,,,,,,,,,,,,,,,,,,,,,,,,,,,,,,,,,,,,,,,,,,,,,,,,,,,,,,,,,,,,,,,,,,,,,,,,,,,,,,,,,,,,,,,,
SALISBURY_PLAINS_MA,,,,,,,,,,,10岿 24老,CSL,58,,,,,,,,,2050,123,32,2,4,0:08:28,,10,,3.11E+14,0.34,None,,,0.34,0.34,,,,,Y,,,,,RD,4,,32,0,,,,-1.2,,,,,,,,,,,,,,,,,,,,,,,,,,,,,,,,,,,,,,,,,,,,,,,,,,,,,,,,,,,,,,,,,,,,,,,6,,,,,0.71,0,0,,0,0,0,,,,3.56E+13,2,8572591460,Verizon Wireless | USA,,,,,,,,,,,,,,,,,,,,,,,,,,,,,,,,,,,,,,,,,,,6.5,8000,700,,,,,,91,,,,,,,,,,,,,,,,,,,,,,,,,,,,,,,,,,,,,,,,,,,,,,,,,,,,,,,,,,,,,,,,,,,,,,,,,,,,,,,,,,,,,,,,,,,,,,,,,,,,,,,,,,,,,,,,,,,,,,,,,,,,,,,,,,,,,,,,64058,,,,,2020102414,,,,,,58123,123.32,58.123.32,58.123.32.2,58.123.3.2,,,,,,,,,,,,,,,,,,,,,,,,,,,,,,,,,,,,,,,,,,,,,,,,,,,,,,,,,,,,,,,,,,,,,,,,,,,,,,,,,,,,,,,,,,,,,,,,,,,,,,,,,,
SALISBURY_PLAINS_MA,,,,,,,,,,,10岿 24老,CSL,58,,,,,,,,,1025,123,34,4,2,0:08:30,,11,,3.11E+14,0.19,First,,,0.19,0.15,,,,,Y,,,,,Good,2,,,0,,,,16.1,,,,,,0,A3,E,1025,1,58,123,34,127,-80,-15,14879,512,,128,-74,-9.5,,,,,,,,,,,,,,,,,,,,,,,,,,,,,,,,,,,,,,,,,,,,,,,,,4,,,,,7.67,0,0,,0,0,0,,,,3.56E+13,2,8572591460,Verizon Wireless | USA,,,,,,,,,,,,58123,34,2,1025,58123,34,2,1025,Y,Good,0,,,,,,,,,,,,,,,,,,,,,24.5,800,0,,10,13,,3,32,,,,,,,,,,,,,,,,,,,,,,,,,,,,,,,,,,,,,,,,,,,,,,,,,,,,,,,,,,,,,,,,,,,,,,,,,,,,,,,,,,,,,,,,,,,,,,,,,,,,,,,,,,,,,,,,,,,,,,,,,,,,,,,,,,,,,,,,26176,,,,,2020102415,,,,,,58123,123.34,58.123.34,58.123.34.4,58.123.3.4,,,,,,,,,,,,,,,,,,,,,,,,,,,,,,,,,,,,,,,,,,,,,,,,,,,,,,,,,,,,,,,,,,,,,,,,,,,,,,,,,,,,,,,,,,,,,,,,,,,,,,,,,,
SEABROOK_2_NH,,,,,,,,,,,10岿 24老,CSL,61,,,,,,,,,1025,340,34,4,2,0:09:21,,13,,3.11E+14,0.97,Both,,,0.97,0.97,,,,,Y,,,,,Good,2,,,0,,,,6.3,,,,,,4,A2,E,1025,1,61,340,34,113,-118,-14.5,,,,,,,,,,,,,,,,,,,,,,,,,,,,,,,,,,,,,,,,,,,,,,,,,,,,,,,4,,,,,3.49,0,0,,0,0,0,,,,3.56E+13,2,8572591460,Verizon Wireless | USA,,,,,,,,,,,,61340,34,2,1025,61340,34,2,1025,Y,Good,0,,,,,,,,,,,,,,,,,,,,,-7.5,0,0,,3,,,,18,,,,,,,,,,,9,E,A5,1025,1,61,340,34,113,-118,-14.5,15703,43,,113,-111,-14.5,,,,,,,,,,,,,,,,,,,,,,,,,,,,,,,,,,,,,,,,,,,,,,,,,,,,,,,,,,,,,,,,,,,,,,,,,,,,,,,,,,,,,,,,,,,,,,,,,,,,,,,,,,,,,44089,,,,,2020102417,,-111,,-14.5,,61340,340.34,61.340.34,61.340.34.4,61.340.3.4,,,,,,,,,,,,,,,,,,,,,,,,,,,,,,,,,,,,,,,,,,,,,,,,,,,,,,,,,,,,,,,,,,,,,,,,,,,,,,,,,,,,,,,,,,,,,,,,,,,,,,,,,,
AMESBURY_3_MA,,,,,,,,,,,10岿 24老,CSL,58,,,,,,,,,1025,171,24,4,2,0:09:51,,12,,3.11E+14,4.64,Both,,,4.64,4.64,,,,,Y,,,,,Good,2,101,,0,,,,2.9,,,,,,4,A2,E,1025,1,58,171,24,57,-114,-18,,,,,,,,,,,,,,,,,,,,,,,,,,,,,,,,,,,,,,,,,,,,,,,,,,,,,,,6,,,,,2.33,0,0,,0,1,1,0,,,3.56E+13,2,8572591460,Verizon Wireless | USA,,,,,,,,,,,,58171,24,2,1025,61340,14,2,1025,Y,,,Good,0,Good,,,,,,,,,,,,,,,,,,-7.5,1400,0,,3,,,,21,,,,,,,,,,,0,E,A3,1025,1,58,171,24,57,-114,-18,15703,54,,111,-108,-14,,,,,,,,,,,,,,,,,,,,,,,,,,,,,,,,,,,,,,,,,,,,,,,,,,,,,,,,,,,,,,,,,,,,,,,,,,,,,,,,,,,,,,,,,,,,,,,,,,,,,,,,,,,,,16709,,,,,2020102416,,-108,,-14,,58171,171.24,58.171.24,58.171.24.4,58.171.2.4,,,,,,,,,,,,,,,,,,,,,,,,,,,,,,,,,,,,,,,,,,,,,,,,,,,,,,,,,,,,,,,,,,,,,,,,,,,,,,,,,,,,,,,,,,,,,,,,,,,,,,,,,,
SALISBURY_PLAINS_MA,,,,,,,,,,,10岿 24老,CSL,58,,,,,,,,,2050,123,32,2,4,0:13:12,,15,,3.11E+14,0.58,None,,,0.58,0.58,,,,,Y,,,,,RD,4,,32,0,,,,-2.3,,,,,,,,,,,,,,,,,,,,,,,,,,,,,,,,,,,,,,,,,,,,,,,,,,,,,,,,,,,,,,,,,,,,,,,6,,,,,0.73,0,0,,0,0,0,,,,3.56E+13,2,8572591460,Verizon Wireless | USA,,,,,,,,,,,,,,,,,,,,,,,,,,,,,,,,,,,,,,,,,,,-0.5,6700,0,,,,,,93,,,,,,,,,,,,,,,,,,,,,,,,,,,,,,,,,,,,,,,,,,,,,,,,,,,,,,,,,,,,,,,,,,,,,,,,,,,,,,,,,,,,,,,,,,,,,,,,,,,,,,,,,,,,,,,,,,,,,,,,,,,,,,,,,,,,,,,,16196,,,,,2020102419,,,,,,58123,123.32,58.123.32,58.123.32.2,58.123.3.2,,,,,,,,,,,,,,,,,,,,,,,,,,,,,,,,,,,,,,,,,,,,,,,,,,,,,,,,,,,,,,,,,,,,,,,,,,,,,,,,,,,,,,,,,,,,,,,,,,,,,,,,,,
SALISBURY_PLAINS_MA,,,,,,,,,,,10岿 24老,CSL,58,,,,,,,,,2050,123,32,2,4,0:14:09,,9,,3.11E+14,0.39,None,,,0.39,0.39,,,,,Y,,,,,RD,4,,32,0,,,,-2,,,,,,,,,,,,,,,,,,,,,,,,,,,,,,,,,,,,,,,,,,,,,,,,,,,,,,,,,,,,,,,,,,,,,,,6,,,,,0.53,0,0,,0,0,0,,,,3.56E+13,2,8572591460,Verizon Wireless | USA,,,,,,,,,,,,,,,,,,,,,,,,,,,,,,,,,,,,,,,,,,,11.5,4300,700,,8,,,,90,,,,,,,,,,,,,,,,,,,,,,,,,,,,,,,,,,,,,,,,,,,,,,,,,,,,,,,,,,,,,,,,,,,,,,,,,,,,,,,,,,,,,,,,,,,,,,,,,,,,,,,,,,,,,,,,,,,,,,,,,,,,,,,,,,,,,,,,61507,,,,,2020102413,,,,,,58123,123.32,58.123.32,58.123.32.2,58.123.3.2,,,,,,,,,,,,,,,,,,,,,,,,,,,,,,,,,,,,,,,,,,,,,,,,,,,,,,,,,,,,,,,,,,,,,,,,,,,,,,,,,,,,,,,,,,,,,,,,,,,,,,,,,,
SALISBURY_PLAINS_MA,,,,,,,,,,,10岿 24老,CSL,58,,,,,,,,,2050,123,32,2,4,0:14:37,,15,,3.11E+14,0.58,None,,,0.58,0.58,,,,,Y,,,,,RD,4,,32,0,,,,-2.7,,,,,,,,,,,,,,,,,,,,,,,,,,,,,,,,,,,,,,,,,,,,,,,,,,,,,,,,,,,,,,,,,,,,,,,6,,,,,0.62,0,0,,0,0,0,,,,3.56E+13,2,8572591460,Verizon Wireless | USA,,,,,,,,,,,,,,,,,,,,,,,,,,,,,,,,,,,,,,,,,,,,2700,0,,,,,,60,,,,,,,,,,,,,,,,,,,,,,,,,,,,,,,,,,,,,,,,,,,,,,,,,,,,,,,,,,,,,,,,,,,,,,,,,,,,,,,,,,,,,,,,,,,,,,,,,,,,,,,,,,,,,,,,,,,,,,,,,,,,,,,,,,,,,,,,60243,,,,,2020102419,,,,,,58123,123.32,58.123.32,58.123.32.2,58.123.3.2,,,,,,,,,,,,,,,,,,,,,,,,,,,,,,,,,,,,,,,,,,,,,,,,,,,,,,,,,,,,,,,,,,,,,,,,,,,,,,,,,,,,,,,,,,,,,,,,,,,,,,,,,,
SALISBURY_PLAINS_MA,,,,,,,,,,,10岿 24老,CSL,58,,,,,,,,,2050,123,32,2,4,0:16:14,,9,,3.11E+14,0.39,None,,,0.39,0.39,,,,,Y,,,,,RD,4,,32,0,,,,-0.2,,,,,,,,,,,,,,,,,,,,,,,,,,,,,,,,,,,,,,,,,,,,,,,,,,,,,,,,,,,,,,,,,,,,,,,6,,,,,0.68,0,0,,0,0,0,,,,3.56E+13,2,8572591460,Verizon Wireless | USA,,,,,,,,,,,,,,,,,,,,,,,,,,,,,,,,,,,,,,,,,,,10.5,3800,1300,,15,,,,81,,,,,,,,,,,,,,,,,,,,,,,,,,,,,,,,,,,,,,,,,,,,,,,,,,,,,,,,,,,,,,,,,,,,,,,,,,,,,,,,,,,,,,,,,,,,,,,,,,,,,,,,,,,,,,,,,,,,,,,,,,,,,,,,,,,,,,,,45608,,,,,2020102413,,,,,,58123,123.32,58.123.32,58.123.32.2,58.123.3.2,,,,,,,,,,,,,,,,,,,,,,,,,,,,,,,,,,,,,,,,,,,,,,,,,,,,,,,,,,,,,,,,,,,,,,,,,,,,,,,,,,,,,,,,,,,,,,,,,,,,,,,,,,
SALISBURY_PLAINS_MA,,,,,,,,,,,10岿 24老,CSL,58,,,,,,,,,2050,123,32,2,4,0:17:21,,9,,3.11E+14,0.44,None,,,0.44,0.44,,,,,Y,,,,,RD,4,,32,0,,,,-1.4,,,,,,,,,,,,,,,,,,,,,,,,,,,,,,,,,,,,,,,,,,,,,,,,,,,,,,,,,,,,,,,,,,,,,,,4,,,,,0.6,0,0,,0,0,0,,,,3.56E+13,2,8572591460,Verizon Wireless | USA,,,,,,,,,,,,,,,,,,,,,,,,,,,,,,,,,,,,,,,,,,,10.5,6000,0,,,,,,62,,,,,,,,,,,,,,,,,,,,,,,,,,,,,,,,,,,,,,,,,,,,,,,,,,,,,,,,,,,,,,,,,,,,,,,,,,,,,,,,,,,,,,,,,,,,,,,,,,,,,,,,,,,,,,,,,,,,,,,,,,,,,,,,,,,,,,,,3903,,,,,2020102413,,,,,,58123,123.32,58.123.32,58.123.32.2,58.123.3.2,,,,,,,,,,,,,,,,,,,,,,,,,,,,,,,,,,,,,,,,,,,,,,,,,,,,,,,,,,,,,,,,,,,,,,,,,,,,,,,,,,,,,,,,,,,,,,,,,,,,,,,,,,
SALISBURY_PLAINS_MA,,,,,,,,,,,10岿 24老,CSL,58,,,,,,,,,2050,123,32,2,4,0:18:31,,16,,3.11E+14,0.58,None,,,0.58,0.58,,,,,Y,,,,,RD,4,,32,0,,,,-0.8,,,,,,,,,,,,,,,,,,,,,,,,,,,,,,,,,,,,,,,,,,,,,,,,,,,,,,,,,,,,,,,,,,,,,,,6,,,,,0.62,0,0,,0,0,0,,,,3.56E+13,2,8572591460,Verizon Wireless | USA,,,,,,,,,,,,,,,,,,,,,,,,,,,,,,,,,,,,,,,,,,,1.5,8900,0,,,1,,,57,,,,,,,,,,,,,,,,,,,,,,,,,,,,,,,,,,,,,,,,,,,,,,,,,,,,,,,,,,,,,,,,,,,,,,,,,,,,,,,,,,,,,,,,,,,,,,,,,,,,,,,,,,,,,,,,,,,,,,,,,,,,,,,,,,,,,,,,1601,,,,,2020102420,,,,,,58123,123.32,58.123.32,58.123.32.2,58.123.3.2,,,,,,,,,,,,,,,,,,,,,,,,,,,,,,,,,,,,,,,,,,,,,,,,,,,,,,,,,,,,,,,,,,,,,,,,,,,,,,,,,,,,,,,,,,,,,,,,,,,,,,,,,,
SALISBURY_PLAINS_MA,,,,,,,,,,,10岿 24老,CSL,58,,,,,,,,,2050,123,32,2,4,0:20:23,,9,,3.11E+14,0.48,None,,,0.48,0.48,,,,,Y,,,,,RD,4,,32,0,,,,-1,,,,,,,,,,,,,,,,,,,,,,,,,,,,,,,,,,,,,,,,,,,,,,,,,,,,,,,,,,,,,,,,,,,,,,,6,,,,,0.71,0,0,,0,0,0,,,,3.56E+13,2,8572591460,Verizon Wireless | USA,,,,,,,,,,,,,,,,,,,,,,,,,,,,,,,,,,,,,,,,,,,5.5,6900,600,,15,,,,87,,,,,,,,,,,,,,,,,,,,,,,,,,,,,,,,,,,,,,,,,,,,,,,,,,,,,,,,,,,,,,,,,,,,,,,,,,,,,,,,,,,,,,,,,,,,,,,,,,,,,,,,,,,,,,,,,,,,,,,,,,,,,,,,,,,,,,,,56917,,,,,2020102413,,,,,,58123,123.32,58.123.32,58.123.32.2,58.123.3.2,,,,,,,,,,,,,,,,,,,,,,,,,,,,,,,,,,,,,,,,,,,,,,,,,,,,,,,,,,,,,,,,,,,,,,,,,,,,,,,,,,,,,,,,,,,,,,,,,,,,,,,,,,
SALISBURY_PLAINS_MA,,,,,,,,,,,10岿 24老,CSL,58,,,,,,,,,2050,123,32,2,4,0:21:14,,9,,3.11E+14,0.39,None,,,0.39,0.39,,,,,Y,,,,,RD,4,,32,0,,,,-0.2,,,,,,,,,,,,,,,,,,,,,,,,,,,,,,,,,,,,,,,,,,,,,,,,,,,,,,,,,,,,,,,,,,,,,,,6,,,,,0.77,0,0,,0,0,0,,,,3.56E+13,2,8572591460,Verizon Wireless | USA,,,,,,,,,,,,,,,,,,,,,,,,,,,,,,,,,,,,,,,,,,,12.5,6400,0,,,,,,84,,,,,,,,,,,,,,,,,,,,,,,,,,,,,,,,,,,,,,,,,,,,,,,,,,,,,,,,,,,,,,,,,,,,,,,,,,,,,,,,,,,,,,,,,,,,,,,,,,,,,,,,,,,,,,,,,,,,,,,,,,,,,,,,,,,,,,,,45648,,,,,2020102413,,,,,,58123,123.32,58.123.32,58.123.32.2,58.123.3.2,,,,,,,,,,,,,,,,,,,,,,,,,,,,,,,,,,,,,,,,,,,,,,,,,,,,,,,,,,,,,,,,,,,,,,,,,,,,,,,,,,,,,,,,,,,,,,,,,,,,,,,,,,
SALISBURY_PLAINS_MA,,,,,,,,,,,10岿 24老,CSL,58,,,,,,,,,2050,123,32,2,4,0:24:57,,10,,3.11E+14,0.58,None,,,0.58,0.58,,,,,Y,,,,,RD,4,,32,0,,,,0.1,,,,,,,,,,,,,,,,,,,,,,,,,,,,,,,,,,,,,,,,,,,,,,,,,,,,,,,,,,,,,,,,,,,,,,,6,,,,,0.74,0,0,,0,0,0,,,,3.56E+13,2,8572591460,Verizon Wireless | USA,,,,,,,,,,,,,,,,,,,,,,,,,,,,,,,,,,,,,,,,,,,3.5,5000,700,,15,,,,81,,,,,,,,,,,,,,,,,,,,,,,,,,,,,,,,,,,,,,,,,,,,,,,,,,,,,,,,,,,,,,,,,,,,,,,,,,,,,,,,,,,,,,,,,,,,,,,,,,,,,,,,,,,,,,,,,,,,,,,,,,,,,,,,,,,,,,,,50489,,,,,2020102414,,,,,,58123,123.32,58.123.32,58.123.32.2,58.123.3.2,,,,,,,,,,,,,,,,,,,,,,,,,,,,,,,,,,,,,,,,,,,,,,,,,,,,,,,,,,,,,,,,,,,,,,,,,,,,,,,,,,,,,,,,,,,,,,,,,,,,,,,,,,
SALISBURY_PLAINS_MA,,,,,,,,,,,10岿 24老,CSL,58,,,,,,,,,2050,123,32,2,4,0:26:42,,8,,3.11E+14,1.84,None,,,1.84,1.84,,,,,Y,,,,,RD,4,,32,0,,,,-4.1,,,,,,,,,,,,,,,,,,,,,,,,,,,,,,,,,,,,,,,,,,,,,,,,,,,,,,,,,,,,,,,,,,,,,,,4,,,,,2.14,0,0,,0,0,0,,,,3.56E+13,2,8572591460,Verizon Wireless | USA,,,,,,,,,,,,,,,,,,,,,,,,,,,,,,,,,,,,,,,,,,,14.5,6400,200,,14,,,,277,,,,,,,,,,,,,,,,,,,,,,,,,,,,,,,,,,,,,,,,,,,,,,,,,,,,,,,,,,,,,,,,,,,,,,,,,,,,,,,,,,,,,,,,,,,,,,,,,,,,,,,,,,,,,,,,,,,,,,,,,,,,,,,,,,,,,,,,33093,,,,,2020102412,,,,,,58123,123.32,58.123.32,58.123.32.2,58.123.3.2,,,,,,,,,,,,,,,,,,,,,,,,,,,,,,,,,,,,,,,,,,,,,,,,,,,,,,,,,,,,,,,,,,,,,,,,,,,,,,,,,,,,,,,,,,,,,,,,,,,,,,,,,,
SALISBURY_PLAINS_MA,,,,,,,,,,,10岿 24老,CSL,58,,,,,,,,,2050,123,32,2,4,0:26:43,,8,,3.11E+14,1.84,None,,,1.84,1.84,,,,,Y,,,,,RD,4,,32,0,,,,-0.6,,,,,,,,,,,,,,,,,,,,,,,,,,,,,,,,,,,,,,,,,,,,,,,,,,,,,,,,,,,,,,,,,,,,,,,6,,,,,0.71,0,0,,0,0,0,,,,3.56E+13,2,8572591460,Verizon Wireless | USA,,,,,,,,,,,,,,,,,,,,,,,,,,,,,,,,,,,,,,,,,,,13.5,6400,0,,,15,,,68,,,,,,,,,,,,,,,,,,,,,,,,,,,,,,,,,,,,,,,,,,,,,,,,,,,,,,,,,,,,,,,,,,,,,,,,,,,,,,,,,,,,,,,,,,,,,,,,,,,,,,,,,,,,,,,,,,,,,,,,,,,,,,,,,,,,,,,,33856,,,,,2020102412,,,,,,58123,123.32,58.123.32,58.123.32.2,58.123.3.2,,,,,,,,,,,,,,,,,,,,,,,,,,,,,,,,,,,,,,,,,,,,,,,,,,,,,,,,,,,,,,,,,,,,,,,,,,,,,,,,,,,,,,,,,,,,,,,,,,,,,,,,,,
SALISBURY_PLAINS_MA,,,,,,,,,,,10岿 24老,CSL,58,,,,,,,,,2050,123,32,2,4,0:26:44,,8,,3.11E+14,1.84,None,,,1.84,1.89,,,,,Y,,,,,RD,4,,32,0,,,,-0.9,,,,,,,,,,,,,,,,,,,,,,,,,,,,,,,,,,,,,,,,,,,,,,,,,,,,,,,,,,,,,,,,,,,,,,,6,,,,,0.7,0,0,,0,0,0,,,,3.56E+13,2,8572591460,Verizon Wireless | USA,,,,,,,,,,,,,,,,,,,,,,,,,,,,,,,,,,,,,,,,,,,4.5,8600,0,,15,,,,82,,,,,,,,,,,,,,,,,,,,,,,,,,,,,,,,,,,,,,,,,,,,,,,,,,,,,,,,,,,,,,,,,,,,,,,,,,,,,,,,,,,,,,,,,,,,,,,,,,,,,,,,,,,,,,,,,,,,,,,,,,,,,,,,,,,,,,,,1605,,,,,2020102412,,,,,,58123,123.32,58.123.32,58.123.32.2,58.123.3.2,,,,,,,,,,,,,,,,,,,,,,,,,,,,,,,,,,,,,,,,,,,,,,,,,,,,,,,,,,,,,,,,,,,,,,,,,,,,,,,,,,,,,,,,,,,,,,,,,,,,,,,,,,
SALISBURY_PLAINS_MA,,,,,,,,,,,10岿 24老,CSL,58,,,,,,,,,2050,123,32,2,4,0:32:49,,8,,3.11E+14,1.69,None,,,1.69,1.69,,,,,Y,,,,,RD,4,,32,0,,,,-1.7,,,,,,,,,,,,,,,,,,,,,,,,,,,,,,,,,,,,,,,,,,,,,,,,,,,,,,,,,,,,,,,,,,,,,,,6,,,,,0.59,0,0,,0,0,0,,,,3.56E+13,2,8572591460,Verizon Wireless | USA,,,,,,,,,,,,,,,,,,,,,,,,,,,,,,,,,,,,,,,,,,,2.5,5500,0,,11,,,,68,,,,,,,,,,,,,,,,,,,,,,,,,,,,,,,,,,,,,,,,,,,,,,,,,,,,,,,,,,,,,,,,,,,,,,,,,,,,,,,,,,,,,,,,,,,,,,,,,,,,,,,,,,,,,,,,,,,,,,,,,,,,,,,,,,,,,,,,13637,,,,,2020102412,,,,,,58123,123.32,58.123.32,58.123.32.2,58.123.3.2,,,,,,,,,,,,,,,,,,,,,,,,,,,,,,,,,,,,,,,,,,,,,,,,,,,,,,,,,,,,,,,,,,,,,,,,,,,,,,,,,,,,,,,,,,,,,,,,,,,,,,,,,,
SALISBURY_PLAINS_MA,,,,,,,,,,,10岿 24老,CSL,58,,,,,,,,,2050,123,32,2,4,0:34:25,,14,,3.11E+14,0.58,None,,,0.58,0.58,,,,,Y,,,,,RD,4,,32,0,,,,-1.8,,,,,,,,,,,,,,,,,,,,,,,,,,,,,,,,,,,,,,,,,,,,,,,,,,,,,,,,,,,,,,,,,,,,,,,4,,,,,0.71,0,0,,0,0,0,,,,3.56E+13,2,8572591460,Verizon Wireless | USA,,,,,,,,,,,,,,,,,,,,,,,,,,,,,,,,,,,,,,,,,,,-0.5,5400,0,,,,,,92,,,,,,,,,,,,,,,,,,,,,,,,,,,,,,,,,,,,,,,,,,,,,,,,,,,,,,,,,,,,,,,,,,,,,,,,,,,,,,,,,,,,,,,,,,,,,,,,,,,,,,,,,,,,,,,,,,,,,,,,,,,,,,,,,,,,,,,,50754,,,,,2020102418,,,,,,58123,123.32,58.123.32,58.123.32.2,58.123.3.2,,,,,,,,,,,,,,,,,,,,,,,,,,,,,,,,,,,,,,,,,,,,,,,,,,,,,,,,,,,,,,,,,,,,,,,,,,,,,,,,,,,,,,,,,,,,,,,,,,,,,,,,,,
SALISBURY_PLAINS_MA,,,,,,,,,,,10岿 24老,CSL,58,,,,,,,,,2560,123,37,7,5,0:36:19,,10,,3.11E+14,0.58,None,,,0.58,0.58,,,,,Y,,,,,Good,1,102,57,0,,,,14.3,,,,,,,,,,,,,,,,,,,,,,,,,,,,,,,,,,,,,,,,,,,,,,,,,,,,,,,,,,,,,,,,,,,,,,,4,,,,,11.09,63,0,0,63,29,29,0,,,3.56E+13,2,8572591460,Verizon Wireless | USA,,,,,,,,,,,,,,,,,,,,,,,,,,,,,,,,,,,,,,,,,,,7.5,400,0,,,13,,287,361,,,,,,,,,,,,,,,,,,,,,,,,,,,,,,,,,,,,,,,,,,,,,,,,,,,,,,,,,,,,,,,,,,,,,,,,,,,,,,,,,,,,,,,,,,,,,,,,,,,,,,,,,,,,,,,,,,,,,,,,,,,,,,,,,,,,,,,,54352,,,,,2020102414,,,,,,58123,123.37,58.123.37,58.123.37.7,58.123.3.7,,,,,,,,,,,,,,,,,,,,,,,,,,,,,,,,,,,,,,,,,,,,,,,,,,,,,,,,,,,,,,,,,,,,,,,,,,,,,,,,,,,,,,,,,,,,,,,,,,,,,,,,,,
SALISBURY_PLAINS_MA,,,,,,,,,,,10岿 24老,CSL,58,,,,,,,,,2050,123,32,2,4,0:36:30,,9,,3.11E+14,0.39,None,,,0.39,0.39,,,,,Y,,,,,RD,4,,32,0,,,,0.5,,,,,,,,,,,,,,,,,,,,,,,,,,,,,,,,,,,,,,,,,,,,,,,,,,,,,,,,,,,,,,,,,,,,,,,6,,,,,0.7,0,0,,0,0,0,,,,3.56E+13,2,8572591460,Verizon Wireless | USA,,,,,,,,,,,,,,,,,,,,,,,,,,,,,,,,,,,,,,,,,,,3.5,3600,900,,,,,,70,,,,,,,,,,,,,,,,,,,,,,,,,,,,,,,,,,,,,,,,,,,,,,,,,,,,,,,,,,,,,,,,,,,,,,,,,,,,,,,,,,,,,,,,,,,,,,,,,,,,,,,,,,,,,,,,,,,,,,,,,,,,,,,,,,,,,,,,60243,,,,,2020102413,,,,,,58123,123.32,58.123.32,58.123.32.2,58.123.3.2,,,,,,,,,,,,,,,,,,,,,,,,,,,,,,,,,,,,,,,,,,,,,,,,,,,,,,,,,,,,,,,,,,,,,,,,,,,,,,,,,,,,,,,,,,,,,,,,,,,,,,,,,,
SALISBURY_PLAINS_MA,,,,,,,,,,,10岿 24老,CSL,58,,,,,,,,,2050,123,32,2,4,0:37:59,,8,,3.11E+14,1.45,None,,,1.45,1.45,,,,,Y,,,,,RSF,,,14,0,,,,-3.1,,,,,,,,,,,,,,,,,,,,,,,,,,,,,,,,,,,,,1,13,1,,,,,,3,,,,,,,,,,,,,,,,,,,,,,,,,,6,,,,,1.36,0,0,,0,0,0,,,,3.56E+13,2,8572591460,Verizon Wireless | USA,,,,,,,,,,,,,,,,,,,,,,,,,,,,,,,,,,,,,,,,,,,5.5,5800,600,,12,,,,167,,,,,,,,,,,,,,,,,,,,,,,,,,,,,,,,,,,,,,,,,,,,,,,,,,,,,,,,,,,,,,,,,,,,,,,,,,,,,,,,,,,,,,,,,,,,,,,,,,,,,,,,,,,,,,,,,,,,,,,,,,,,,,,,,,,,,,,,59461,,,,,2020102412,,,,,,58123,123.32,58.123.32,58.123.32.2,58.123.3.2,,,,,,,,,,,,,,,,,,,,,,,,,,,,,,,,,,,,,,,,,,,,,,,,,,,,,,,,,,,,,,,,,,,,,,,,,,,,,,,,,,,,,,,,,,,,,,,,,,,,,,,,,,
SALISBURY_PLAINS_MA,,,,,,,,,,,10岿 24老,CSL,58,,,,,,,,,2050,123,32,2,4,0:37:59,,8,,3.11E+14,1.45,None,,,1.45,1.45,,,,,Y,,,,,RD,4,,32,0,,,,-2.6,,,,,,,,,,,,,,,,,,,,,,,,,,,,,,,,,,,,,,,,,,,,,,,,,,,,,,,,,,,,,,,,,,,,,,,6,,,,,0.75,0,0,,0,0,0,,,,3.56E+13,2,8572591460,Verizon Wireless | USA,,,,,,,,,,,,,,,,,,,,,,,,,,,,,,,,,,,,,,,,,,,-1.5,6300,0,,,,,,88,,,,,,,,,,,,,,,,,,,,,,,,,,,,,,,,,,,,,,,,,,,,,,,,,,,,,,,,,,,,,,,,,,,,,,,,,,,,,,,,,,,,,,,,,,,,,,,,,,,,,,,,,,,,,,,,,,,,,,,,,,,,,,,,,,,,,,,,24645,,,,,2020102412,,,,,,58123,123.32,58.123.32,58.123.32.2,58.123.3.2,,,,,,,,,,,,,,,,,,,,,,,,,,,,,,,,,,,,,,,,,,,,,,,,,,,,,,,,,,,,,,,,,,,,,,,,,,,,,,,,,,,,,,,,,,,,,,,,,,,,,,,,,,
SALISBURY_PLAINS_MA,,,,,,,,,,,10岿 24老,CSL,58,,,,,,,,,2050,123,32,2,4,0:41:05,,8,,3.11E+14,1.4,None,,,1.4,1.4,,,,,Y,,,,,RD,4,,32,0,,,,-2.3,,,,,,,,,,,,,,,,,,,,,,,,,,,,,,,,,,,,,,,,,,,,,,,,,,,,,,,,,,,,,,,,,,,,,,,6,,,,,0.76,0,0,,0,0,0,,,,3.56E+13,2,8572591460,Verizon Wireless | USA,,,,,,,,,,,,,,,,,,,,,,,,,,,,,,,,,,,,,,,,,,,-4.5,6300,0,,,,,,81,,,,,,,,,,,,,,,,,,,,,,,,,,,,,,,,,,,,,,,,,,,,,,,,,,,,,,,,,,,,,,,,,,,,,,,,,,,,,,,,,,,,,,,,,,,,,,,,,,,,,,,,,,,,,,,,,,,,,,,,,,,,,,,,,,,,,,,,25920,,,,,2020102412,,,,,,58123,123.32,58.123.32,58.123.32.2,58.123.3.2,,,,,,,,,,,,,,,,,,,,,,,,,,,,,,,,,,,,,,,,,,,,,,,,,,,,,,,,,,,,,,,,,,,,,,,,,,,,,,,,,,,,,,,,,,,,,,,,,,,,,,,,,,
SALISBURY_PLAINS_MA,,,,,,,,,,,10岿 24老,CSL,58,,,,,,,,,2050,123,32,2,4,0:43:58,,15,,3.11E+14,0.58,None,,,0.58,0.58,,,,,Y,,,,,RD,4,,32,0,,,,-2,,,,,,,,,,,,,,,,,,,,,,,,,,,,,,,,,,,,,,,,,,,,,,,,,,,,,,,,,,,,,,,,,,,,,,,6,,,,,0.68,0,0,,0,0,0,,,,3.56E+13,2,8572591460,Verizon Wireless | USA,,,,,,,,,,,,,,,,,,,,,,,,,,,,,,,,,,,,,,,,,,,-0.5,5000,0,,,,,,60,,,,,,,,,,,,,,,,,,,,,,,,,,,,,,,,,,,,,,,,,,,,,,,,,,,,,,,,,,,,,,,,,,,,,,,,,,,,,,,,,,,,,,,,,,,,,,,,,,,,,,,,,,,,,,,,,,,,,,,,,,,,,,,,,,,,,,,,64580,,,,,2020102419,,,,,,58123,123.32,58.123.32,58.123.32.2,58.123.3.2,,,,,,,,,,,,,,,,,,,,,,,,,,,,,,,,,,,,,,,,,,,,,,,,,,,,,,,,,,,,,,,,,,,,,,,,,,,,,,,,,,,,,,,,,,,,,,,,,,,,,,,,,,
SEABROOK_2_NH,,,,,,,,,,,10岿 24老,CSL,61,,,,,,,,,2050,340,12,2,4,0:44:34,,12,,3.11E+14,2.27,First,,,2.27,2.27,,,,,Y,,,,,Good,2,101,,1,,,,17.7,,,,,,0,A3,E,2050,1,61,340,12,111,-107,-16,14879,500,,126,-100,-9.5,,,,,,,,,,,,,,,,,,,,,,,,,,,,,,,,,,,,,,,,,,,,,,,,,4,,,,,0.47,0,0,,0,0,0,,,,3.56E+13,2,8572591460,Verizon Wireless | USA,,,,,,,,,,,,61340,12,4,2050,58123,12,4,2050,Y,,,Good,0,Good,,,,,,,,,,,,,,,,,,2.5,0,0,,2,,,,23,,,,,,,,,,,,,,,,,,,,,,,,,,,,,,,,,,,,,,,,,,,,,,,,,,,,,,,,,,,,,,,,,,,,,,,,,,,,,,,,,,,,,,,,,,,,,,,,,,,,,,,,,,,,,,,,,,,,,,,,,,,,,,,,,,,,,,,,15422,,,,,2020102416,,,,,,61340,340.12,61.340.12,61.340.12.2,61.340.1.2,,,,,,,,,,,,,,,,,,,,,,,,,,,,,,,,,,,,,,,,,,,,,,,,,,,,,,,,,,,,,,,,,,,,,,,,,,,,,,,,,,,,,,,,,,,,,,,,,,,,,,,,,,
SALISBURY_PLAINS_MA,,,,,,,,,,,10岿 24老,CSL,58,,,,,,,,,2050,123,32,2,4,0:45:05,,8,,3.11E+14,1.4,None,,,1.4,1.4,,,,,Y,,,,,RD,4,,32,0,,,,-1.8,,,,,,,,,,,,,,,,,,,,,,,,,,,,,,,,,,,,,,,,,,,,,13,,,,,,,,,,,,,,,,,,,,,,,,,,6,,,,,0.77,0,0,,0,0,0,,,,3.56E+13,2,8572591460,Verizon Wireless | USA,,,,,,,,,,,,,,,,,,,,,,,,,,,,,,,,,,,,,,,,,,,-4.5,7800,0,,,7,,,100,,,,,,,,,,,,,,,,,,,,,,,,,,,,,,,,,,,,,,,,,,,,,,,,,,,,,,,,,,,,,,,,,,,,,,,,,,,,,,,,,,,,,,,,,,,,,,,,,,,,,,,,,,,,,,,,,,,,,,,,,,,,,,,,,,,,,,,,54341,,,,,2020102412,,,,,,58123,123.32,58.123.32,58.123.32.2,58.123.3.2,,,,,,,,,,,,,,,,,,,,,,,,,,,,,,,,,,,,,,,,,,,,,,,,,,,,,,,,,,,,,,,,,,,,,,,,,,,,,,,,,,,,,,,,,,,,,,,,,,,,,,,,,,
SALISBURY_PLAINS_MA,,,,,,,,,,,10岿 24老,CSL,58,,,,,,,,,2050,123,32,2,4,0:45:22,,15,,3.11E+14,0.58,None,,,0.58,0.58,,,,,Y,,,,,RD,4,,32,0,,,,-1.4,,,,,,,,,,,,,,,,,,,,,,,,,,,,,,,,,,,,,,,,,,,,,,,,,,,,,,,,,,,,,,,,,,,,,,,6,,,,,0.57,0,0,,0,0,0,,,,3.56E+13,2,8572591460,Verizon Wireless | USA,,,,,,,,,,,,,,,,,,,,,,,,,,,,,,,,,,,,,,,,,,,-1.5,5600,0,,,,,,57,,,,,,,,,,,,,,,,,,,,,,,,,,,,,,,,,,,,,,,,,,,,,,,,,,,,,,,,,,,,,,,,,,,,,,,,,,,,,,,,,,,,,,,,,,,,,,,,,,,,,,,,,,,,,,,,,,,,,,,,,,,,,,,,,,,,,,,,5968,,,,,2020102419,,,,,,58123,123.32,58.123.32,58.123.32.2,58.123.3.2,,,,,,,,,,,,,,,,,,,,,,,,,,,,,,,,,,,,,,,,,,,,,,,,,,,,,,,,,,,,,,,,,,,,,,,,,,,,,,,,,,,,,,,,,,,,,,,,,,,,,,,,,,
SALISBURY_PLAINS_MA,,,,,,,,,,,10岿 24老,CSL,58,,,,,,,,,2050,123,32,2,4,0:45:33,,9,,3.11E+14,0.39,None,,,0.39,0.39,,,,,Y,,,,,RD,4,,32,0,,,,0,,,,,,,,,,,,,,,,,,,,,,,,,,,,,,,,,,,,,,,,,,,,,,,,,,,,,,,,,,,,,,,,,,,,,,,6,,,,,0.66,0,0,,0,0,0,,,,3.56E+13,2,8572591460,Verizon Wireless | USA,,,,,,,,,,,,,,,,,,,,,,,,,,,,,,,,,,,,,,,,,,,21.5,4500,0,,1,,,,67,,,,,,,,,,,,,,,,,,,,,,,,,,,,,,,,,,,,,,,,,,,,,,,,,,,,,,,,,,,,,,,,,,,,,,,,,,,,,,,,,,,,,,,,,,,,,,,,,,,,,,,,,,,,,,,,,,,,,,,,,,,,,,,,,,,,,,,,20538,,,,,2020102413,,,,,,58123,123.32,58.123.32,58.123.32.2,58.123.3.2,,,,,,,,,,,,,,,,,,,,,,,,,,,,,,,,,,,,,,,,,,,,,,,,,,,,,,,,,,,,,,,,,,,,,,,,,,,,,,,,,,,,,,,,,,,,,,,,,,,,,,,,,,
SALISBURY_PLAINS_MA,,,,,,,,,,,10岿 24老,CSL,58,,,,,,,,,2050,123,32,2,4,0:45:59,,7,,3.11E+14,0.53,None,,,0.53,0.53,,,,,Y,,,,,RSF,5,,41,0,,,,-4.2,,,,,,,,,,,,,,,,,,,,,,,,,,,,,,,,,,,,,1,2,1,,,,,,,,,,,,,,,,,,,,,,,,,,,,,,,,6,,,,,3.55,0,0,,0,0,0,,,,3.56E+13,2,8572591460,Verizon Wireless | USA,,,,,,,,,,,,,,,,,,,,,,,,,,,,,,,,,,,,,,,,,,,5.5,6600,200,,15,,,,303,,,,,,,,,,,,,,,,,,,,,,,,,,,,,,,,,,,,,,,,,,,,,,,,,,,,,,,,,,,,,,,,,,,,,,,,,,,,,,,,,,,,,,,,,,,,,,,,,,,,,,,,,,,,,,,,,,,,,,,,,,,,,,,,,,,,,,,,19781,,,,,2020102411,,,,,,58123,123.32,58.123.32,58.123.32.2,58.123.3.2,,,,,,,,,,,,,,,,,,,,,,,,,,,,,,,,,,,,,,,,,,,,,,,,,,,,,,,,,,,,,,,,,,,,,,,,,,,,,,,,,,,,,,,,,,,,,,,,,,,,,,,,,,
SALISBURY_PLAINS_MA,,,,,,,,,,,10岿 24老,CSL,58,,,,,,,,,5230,123,1,1,13,0:46:08,,12,,3.11E+14,2.08,Both,,,2.08,2.08,,,,,Y,,,,,Good,2,101,,1,,,,4.3,,,,,,4,A2,E,5230,1,58,123,1,126,-123,-20,,,,,,,,,,,,,,,,,,,,,,,,,,,,,,,,,,,,,,,,,,,,,,,,,,,,,,,4,,,,,6.02,0,0,,0,0,0,,,,3.56E+13,2,8572591460,Verizon Wireless | USA,,,,,,,,,,,,58123,1,13,5230,61340,1,13,5230,Y,,,Good,0,Good,,,,,,,,,,,,,,,,,,-1.5,1500,0,,4,4,,,40,,,,,,,,,,,0,E,A3,5230,1,58,123,1,126,-123,-20,15703,41,,111,-118,-17,,,,,,,,,,,,,,,,,,,,,,,,,,,,,,,,,,,,,,,,,,,,,,,,,,,,,,,,,,,,,,,,,,,,,,,,,,,,,,,,,,,,,,,,,,,,,,,,,,,,,,,,,,,,,51536,,,,,2020102416,,-118,,-17,,58123,123.1,58.123.1,58.123.1.1,58.123.1.1,,,,,,,,,,,,,,,,,,,,,,,,,,,,,,,,,,,,,,,,,,,,,,,,,,,,,,,,,,,,,,,,,,,,,,,,,,,,,,,,,,,,,,,,,,,,,,,,,,,,,,,,,,
SALISBURY_PLAINS_MA,,,,,,,,,,,10岿 24老,CSL,58,,,,,,,,,2050,123,32,2,4,0:46:26,,9,,3.11E+14,0.34,None,,,0.34,0.34,,,,,Y,,,,,RD,4,,32,0,,,,1.6,,,,,,,,,,,,,,,,,,,,,,,,,,,,,,,,,,,,,,,,,,,,,,,,,,,,,,,,,,,,,,,,,,,,,,,6,,,,,0.68,0,0,,0,0,0,,,,3.56E+13,2,8572591460,Verizon Wireless | USA,,,,,,,,,,,,,,,,,,,,,,,,,,,,,,,,,,,,,,,,,,,14.5,6200,800,,,15,,,72,,,,,,,,,,,,,,,,,,,,,,,,,,,,,,,,,,,,,,,,,,,,,,,,,,,,,,,,,,,,,,,,,,,,,,,,,,,,,,,,,,,,,,,,,,,,,,,,,,,,,,,,,,,,,,,,,,,,,,,,,,,,,,,,,,,,,,,,34862,,,,,2020102413,,,,,,58123,123.32,58.123.32,58.123.32.2,58.123.3.2,,,,,,,,,,,,,,,,,,,,,,,,,,,,,,,,,,,,,,,,,,,,,,,,,,,,,,,,,,,,,,,,,,,,,,,,,,,,,,,,,,,,,,,,,,,,,,,,,,,,,,,,,,
SALISBURY_PLAINS_MA,,,,,,,,,,,10岿 24老,CSL,58,,,,,,,,,2050,123,32,2,4,0:47:04,,8,,3.11E+14,1.35,None,,,1.35,1.35,,,,,Y,,,,,RD,4,,32,0,,,,-0.7,,,,,,,,,,,,,,,,,,,,,,,,,,,,,,,,,,,,,,,,,,,,,,,,,,,,,,,,,,,,,,,,,,,,,,,6,,,,,0.81,0,0,,0,0,0,,,,3.56E+13,2,8572591460,Verizon Wireless | USA,,,,,,,,,,,,,,,,,,,,,,,,,,,,,,,,,,,,,,,,,,,2.5,5000,0,,10,,,,91,,,,,,,,,,,,,,,,,,,,,,,,,,,,,,,,,,,,,,,,,,,,,,,,,,,,,,,,,,,,,,,,,,,,,,,,,,,,,,,,,,,,,,,,,,,,,,,,,,,,,,,,,,,,,,,,,,,,,,,,,,,,,,,,,,,,,,,,36933,,,,,2020102412,,,,,,58123,123.32,58.123.32,58.123.32.2,58.123.3.2,,,,,,,,,,,,,,,,,,,,,,,,,,,,,,,,,,,,,,,,,,,,,,,,,,,,,,,,,,,,,,,,,,,,,,,,,,,,,,,,,,,,,,,,,,,,,,,,,,,,,,,,,,
SALISBURY_PLAINS_MA,,,,,,,,,,,10岿 24老,CSL,58,,,,,,,,,2050,123,32,2,4,0:48:43,,6,,3.11E+14,0.58,None,,,0.58,0.58,,,,,Y,,,,,RD,4,,32,0,,,,-2.1,,,,,,,,,,,,,,,,,,,,,,,,,,,,,,,,,,,,,,,,,,,,,,,,,,,,,,,,,,,,,,,,,,,,,,,6,,,,,0.73,0,0,,0,0,0,,,,3.56E+13,2,8572591460,Verizon Wireless | USA,,,,,,,,,,,,,,,,,,,,,,,,,,,,,,,,,,,,,,,,,,,-4.5,5600,0,,9,,,,80,,,,,,,,,,,,,,,,,,,,,,,,,,,,,,,,,,,,,,,,,,,,,,,,,,,,,,,,,,,,,,,,,,,,,,,,,,,,,,,,,,,,,,,,,,,,,,,,,,,,,,,,,,,,,,,,,,,,,,,,,,,,,,,,,,,,,,,,15423,,,,,2020102410,,,,,,58123,123.32,58.123.32,58.123.32.2,58.123.3.2,,,,,,,,,,,,,,,,,,,,,,,,,,,,,,,,,,,,,,,,,,,,,,,,,,,,,,,,,,,,,,,,,,,,,,,,,,,,,,,,,,,,,,,,,,,,,,,,,,,,,,,,,,
SEABROOK_2_NH,,,,,,,,,,,10岿 24老,CSL,61,,,,,,,,,2050,340,12,2,4,0:49:07,,12,,3.11E+14,0.1,First,,,0.1,0.1,,,,,Y,,,,,Good,2,,,1,,,,18.6,,,,,,0,A3,E,2050,1,61,340,12,111,-83,-17,15703,72,,113,-79,-11.5,,,,,,,,,,,,,,,,,,,,,,,,,,,,,,,,,,,,,,,,,,,,,,,,,6,,,,,2.31,0,0,,0,0,0,,,,3.56E+13,2,8572591460,Verizon Wireless | USA,,,,,,,,,,,,61340,12,4,2050,61340,12,4,2050,Y,Good,0,,,,,,,,,,,,,,,,,,,,,20.5,500,0,,2,,,1,14,,,,,,,,,,,,,,,,,,,,,,,,,,,,,,,,,,,,,,,,,,,,,,,,,,,,,,,,,,,,,,,,,,,,,,,,,,,,,,,,,,,,,,,,,,,,,,,,,,,,,,,,,,,,,,,,,,,,,,,,,,,,,,,,,,,,,,,,28997,,,,,2020102416,,,,,,61340,340.12,61.340.12,61.340.12.2,61.340.1.2,,,,,,,,,,,,,,,,,,,,,,,,,,,,,,,,,,,,,,,,,,,,,,,,,,,,,,,,,,,,,,,,,,,,,,,,,,,,,,,,,,,,,,,,,,,,,,,,,,,,,,,,,,
SALISBURY_PLAINS_MA,,,,,,,,,,,10岿 24老,CSL,58,,,,,,,,,2050,123,32,2,4,0:51:11,,8,,3.11E+14,1.21,None,,,1.21,1.21,,,,,Y,,,,,RD,4,,32,0,,,,-2.5,,,,,,,,,,,,,,,,,,,,,,,,,,,,,,,,,,,,,,,,,,,,,13,,,,,,,,,,,,,,,,,,,,,,,,,,6,,,,,1.06,0,0,,0,0,0,,,,3.56E+13,2,8572591460,Verizon Wireless | USA,,,,,,,,,,,,,,,,,,,,,,,,,,,,,,,,,,,,,,,,,,,-2.5,7400,0,,,,,,112,,,,,,,,,,,,,,,,,,,,,,,,,,,,,,,,,,,,,,,,,,,,,,,,,,,,,,,,,,,,,,,,,,,,,,,,,,,,,,,,,,,,,,,,,,,,,,,,,,,,,,,,,,,,,,,,,,,,,,,,,,,,,,,,,,,,,,,,19267,,,,,2020102412,,,,,,58123,123.32,58.123.32,58.123.32.2,58.123.3.2,,,,,,,,,,,,,,,,,,,,,,,,,,,,,,,,,,,,,,,,,,,,,,,,,,,,,,,,,,,,,,,,,,,,,,,,,,,,,,,,,,,,,,,,,,,,,,,,,,,,,,,,,,
SALISBURY_PLAINS_MA,,,,,,,,,,,10岿 24老,CSL,58,,,,,,,,,2050,123,32,2,4,0:51:57,,4,,3.11E+14,0.63,None,,,0.63,0.63,,,,,Y,,,,,RD,4,,32,0,,,,-2.3,,,,,,,,,,,,,,,,,,,,,,,,,,,,,,,,,,,,,,,,,,,,,,,,,,,,,,,,,,,,,,,,,,,,,,,6,,,,,0.76,0,0,,0,0,0,,,,3.56E+13,2,8572591460,Verizon Wireless | USA,,,,,,,,,,,,,,,,,,,,,,,,,,,,,,,,,,,,,,,,,,,-3.5,6900,0,,11,,,,77,,,,,,,,,,,,,,,,,,,,,,,,,,,,,,,,,,,,,,,,,,,,,,,,,,,,,,,,,,,,,,,,,,,,,,,,,,,,,,,,,,,,,,,,,,,,,,,,,,,,,,,,,,,,,,,,,,,,,,,,,,,,,,,,,,,,,,,,44866,,,,,2020102408,,,,,,58123,123.32,58.123.32,58.123.32.2,58.123.3.2,,,,,,,,,,,,,,,,,,,,,,,,,,,,,,,,,,,,,,,,,,,,,,,,,,,,,,,,,,,,,,,,,,,,,,,,,,,,,,,,,,,,,,,,,,,,,,,,,,,,,,,,,,
SALISBURY_PLAINS_MA,,,,,,,,,,,10岿 24老,CSL,58,,,,,,,,,2050,123,32,2,4,0:52:04,,15,,3.11E+14,0.58,None,,,0.58,0.58,,,,,Y,,,,,RD,4,,32,0,,,,-1.7,,,,,,,,,,,,,,,,,,,,,,,,,,,,,,,,,,,,,,,,,,,,,,,,,,,,,,,,,,,,,,,,,,,,,,,6,,,,,0.73,0,0,,0,0,0,,,,3.56E+13,2,8572591460,Verizon Wireless | USA,,,,,,,,,,,,,,,,,,,,,,,,,,,,,,,,,,,,,,,,,,,0.5,1300,0,,11,,,,79,,,,,,,,,,,,,,,,,,,,,,,,,,,,,,,,,,,,,,,,,,,,,,,,,,,,,,,,,,,,,,,,,,,,,,,,,,,,,,,,,,,,,,,,,,,,,,,,,,,,,,,,,,,,,,,,,,,,,,,,,,,,,,,,,,,,,,,,23111,,,,,2020102420,,,,,,58123,123.32,58.123.32,58.123.32.2,58.123.3.2,,,,,,,,,,,,,,,,,,,,,,,,,,,,,,,,,,,,,,,,,,,,,,,,,,,,,,,,,,,,,,,,,,,,,,,,,,,,,,,,,,,,,,,,,,,,,,,,,,,,,,,,,,
SEABROOK_2_NH,,,,,,,,,,,10岿 24老,CSL,61,,,,,,,,,2050,340,22,2,4,0:52:53,,12,,3.11E+14,0.48,First,,,0.48,0.58,,,,,Y,,,,,Good,2,,,1,,,,12.3,,,,,,0,A3,E,2050,1,61,340,22,112,-109,-16,15703,72,,113,-104,-12,,,,,,,,,,,,,,,,,,,,,,,,,,,,,,,,,,,,,,,,,,,,,,,,,4,,,,,41.66,1,0,0,1,58,58,0,,,3.56E+13,2,8572591460,Verizon Wireless | USA,,,,,,,,67.25,106.5,67.25,106.5,61340,22,4,2050,61340,22,4,2050,Y,Good,0,,,,,,,,,,,,,,,,,,,,,13.5,500,0,,5,4,,45,602,,,,,,,,,,,,,,,,,,,,,,,,,,,,,,,,,,,,,,,,,,,,,,,,,,,,,,,,,,,,,,,,,,,,,,,,,,,,,,,,,,,,,,,,,,,,,,,,,,,,,,,,,,,,,,,,,,,,,,,,,,,,,,,,,,,,,,,,51796,,,,,2020102416,,,,,,61340,340.22,61.340.22,61.340.22.2,61.340.2.2,,,,,,,,,,,,,,,,,,,,,,,,,,,,,,,,,,,,,,,,,,,,,,,,,,,,,,,,,,,,,,,,,,,,,,,,,,,,,,,,,,,,,,,,,,,,,,,,,,,,,,,,,,
SALISBURY_PLAINS_MA,,,,,,,,,,,10岿 24老,CSL,58,,,,,,,,,2050,123,32,2,4,0:53:02,,14,,3.11E+14,0.58,None,,,0.58,0.58,,,,,Y,,,,,RD,4,,32,0,,,,-1,,,,,,,,,,,,,,,,,,,,,,,,,,,,,,,,,,,,,,,,,,,,,,,,,,,,,,,,,,,,,,,,,,,,,,,6,,,,,0.7,0,0,,0,0,0,,,,3.56E+13,2,8572591460,Verizon Wireless | USA,,,,,,,,,,,,,,,,,,,,,,,,,,,,,,,,,,,,,,,,,,,-0.5,4200,800,,,,,,67,,,,,,,,,,,,,,,,,,,,,,,,,,,,,,,,,,,,,,,,,,,,,,,,,,,,,,,,,,,,,,,,,,,,,,,,,,,,,,,,,,,,,,,,,,,,,,,,,,,,,,,,,,,,,,,,,,,,,,,,,,,,,,,,,,,,,,,,1346,,,,,2020102419,,,,,,58123,123.32,58.123.32,58.123.32.2,58.123.3.2,,,,,,,,,,,,,,,,,,,,,,,,,,,,,,,,,,,,,,,,,,,,,,,,,,,,,,,,,,,,,,,,,,,,,,,,,,,,,,,,,,,,,,,,,,,,,,,,,,,,,,,,,,
SALISBURY_PLAINS_MA,,,,,,,,,,,10岿 24老,CSL,58,,,,,,,,,2050,123,32,2,4,0:53:07,,8,,3.11E+14,1.11,None,,,1.11,1.11,,,,,Y,,,,,RD,4,,32,0,,,,-4,,,,,,,,,,,,,,,,,,,,,,,,,,,,,,,,,,,,,,,,,,,,,13,,,,,,,,,,,,,,,,,,,,,,,,,,4,,,,,2.45,0,0,,0,0,0,,,,3.56E+13,2,8572591460,Verizon Wireless | USA,,,,,,,,,,,,,,,,,,,,,,,,,,,,,,,,,,,,,,,,,,,4.5,7300,200,,,,,,274,,,,,,,,,,,,,,,,,,,,,,,,,,,,,,,,,,,,,,,,,,,,,,,,,,,,,,,,,,,,,,,,,,,,,,,,,,,,,,,,,,,,,,,,,,,,,,,,,,,,,,,,,,,,,,,,,,,,,,,,,,,,,,,,,,,,,,,,26194,,,,,2020102413,,,,,,58123,123.32,58.123.32,58.123.32.2,58.123.3.2,,,,,,,,,,,,,,,,,,,,,,,,,,,,,,,,,,,,,,,,,,,,,,,,,,,,,,,,,,,,,,,,,,,,,,,,,,,,,,,,,,,,,,,,,,,,,,,,,,,,,,,,,,
SALISBURY_PLAINS_MA,,,,,,,,,,,10岿 24老,CSL,58,,,,,,,,,2050,123,32,2,4,0:53:25,,15,,3.11E+14,0.53,None,,,0.53,0.53,,,,,Y,,,,,RD,4,,32,0,,,,1.1,,,,,,,,,,,,,,,,,,,,,,,,,,,,,,,,,,,,,,,,,,,,,,,,,,,,,,,,,,,,,,,,,,,,,,,6,,,,,0.63,0,0,,0,0,0,,,,3.56E+13,2,8572591460,Verizon Wireless | USA,,,,,,,,,,,,,,,,,,,,,,,,,,,,,,,,,,,,,,,,,,,-1.5,5000,0,,12,,,,27,,,,,,,,,,,,,,,,,,,,,,,,,,,,,,,,,,,,,,,,,,,,,,,,,,,,,,,,,,,,,,,,,,,,,,,,,,,,,,,,,,,,,,,,,,,,,,,,,,,,,,,,,,,,,,,,,,,,,,,,,,,,,,,,,,,,,,,,41018,,,,,2020102420,,,,,,58123,123.32,58.123.32,58.123.32.2,58.123.3.2,,,,,,,,,,,,,,,,,,,,,,,,,,,,,,,,,,,,,,,,,,,,,,,,,,,,,,,,,,,,,,,,,,,,,,,,,,,,,,,,,,,,,,,,,,,,,,,,,,,,,,,,,,
SALISBURY_PLAINS_MA,,,,,,,,,,,10岿 24老,CSL,58,,,,,,,,,2050,123,32,2,4,0:53:52,,9,,3.11E+14,0.34,None,,,0.34,0.34,,,,,Y,,,,,RD,4,,32,0,,,,1.9,,,,,,,,,,,,,,,,,,,,,,,,,,,,,,,,,,,,,,,,,,,,,,,,,,,,,,,,,,,,,,,,,,,,,,,6,,,,,0.64,0,0,,0,0,0,,,,3.56E+13,2,8572591460,Verizon Wireless | USA,,,,,,,,,,,,,,,,,,,,,,,,,,,,,,,,,,,,,,,,,,,13.5,2700,900,,14,14,,,52,,,,,,,,,,,,,,,,,,,,,,,,,,,,,,,,,,,,,,,,,,,,,,,,,,,,,,,,,,,,,,,,,,,,,,,,,,,,,,,,,,,,,,,,,,,,,,,,,,,,,,,,,,,,,,,,,,,,,,,,,,,,,,,,,,,,,,,,18477,,,,,2020102414,,,,,,58123,123.32,58.123.32,58.123.32.2,58.123.3.2,,,,,,,,,,,,,,,,,,,,,,,,,,,,,,,,,,,,,,,,,,,,,,,,,,,,,,,,,,,,,,,,,,,,,,,,,,,,,,,,,,,,,,,,,,,,,,,,,,,,,,,,,,
SEABROOK_2_NH,,,,,,,,,,,10岿 24老,CSL,61,,,,,,,,,2050,340,32,2,4,0:54:44,,12,,3.11E+14,0.82,Both,,,0.82,0.92,,,,,Y,,,,,Good,2,101,2,1,,,,13.3,,,,,,4,A2,E,2050,1,61,340,32,113,-118,-15.5,,,,,,,,,,,,,,,,,,,,,,,,,,,,,,,,,,,,,,,,,,,,,,,,,,,,,,,6,,,,,6.16,0,0,,0,0,0,,,,3.56E+13,2,8572591460,Verizon Wireless | USA,,,,,,,,,,,,61340,32,4,2050,58171,2,13,5230,Y,,,Good,0,Good,,,,,,,,,,,,,,,,,,-3.5,700,0,,4,4,,2,28,,,,,,,,,,,9,E,A5,2050,1,61,340,32,113,-118,-15.5,14891,778,,57,-108,-14,,,,,,,,,,,,,,,,,,,,,,,,,,,,,,,,,,,,,,,,,,,,,,,,,,,,,,,,,,,,,,,,,,,,,,,,,,,,,,,,,,,,,,,,,,,,,,,,,,,,,,,,,,,,,44116,,,,,2020102417,,-108,,-14,,61340,340.32,61.340.32,61.340.32.2,61.340.3.2,,,,,,,,,,,,,,,,,,,,,,,,,,,,,,,,,,,,,,,,,,,,,,,,,,,,,,,,,,,,,,,,,,,,,,,,,,,,,,,,,,,,,,,,,,,,,,,,,,,,,,,,,,
SALISBURY_PLAINS_MA,,,,,,,,,,,10岿 24老,CSL,58,,,,,,,,,5230,123,1,1,13,0:56:05,,13,,3.11E+14,1.98,Both,,,1.98,1.98,,,,,Y,,,,,Good,2,101,,1,,,,8.7,,,,,,4,A2,E,5230,1,58,123,1,126,-113,-20,,,,,,,,,,,,,,,,,,,,,,,,,,,,,,,,,,,,,,,,,,,,,,,,,,,,,,,6,,,,,0.61,0,0,,0,0,0,,,,3.56E+13,2,8572591460,Verizon Wireless | USA,,,,,,,,,,,,58123,1,13,5230,61188,2,13,5230,Y,,,Good,0,Good,,,,,,,,,,,,,,,,,,-3.5,1300,0,,,3,,,33,,,,,,,,,,,0,E,A3,5230,1,58,123,1,126,-113,-20,15664,130,,161,-103,-13,,,,,,,,,,,,,,,,,,,,,,,,,,,,,,,,,,,,,,,,,,,,,,,,,,,,,,,,,,,,,,,,,,,,,,,,,,,,,,,,,,,,,,,,,,,,,,,,,,,,,,,,,,,,,55105,,,,,2020102418,,-103,,-13,,58123,123.1,58.123.1,58.123.1.1,58.123.1.1,,,,,,,,,,,,,,,,,,,,,,,,,,,,,,,,,,,,,,,,,,,,,,,,,,,,,,,,,,,,,,,,,,,,,,,,,,,,,,,,,,,,,,,,,,,,,,,,,,,,,,,,,,
AMESBURY_3_MA,,,,,,,,,,,10岿 24老,CSL,58,,,,,,,,,2050,171,22,2,4,0:56:22,,12,,3.11E+14,2.13,Both,,,2.13,2.13,,,,,Y,,,,,Good,2,101,,1,,,,5.7,,,,,,4,A2,E,2050,1,58,171,22,57,-119,-17.5,,,,,,,,,,,,,,,,,,,,,,,,,,,,,,,,,,,,,,,,,,,,,,,,,,,,,,,6,,,,,0.75,0,0,,0,0,0,,,,3.56E+13,2,8572591460,Verizon Wireless | USA,,,,,,,,,,,,58171,22,4,2050,61291,22,4,2050,Y,,,Good,0,Good,,,,,,,,,,,,,,,,,,-8.5,1500,0,,2,,,,22,,,,,,,,,,,0,E,A3,2050,1,58,171,22,57,-119,-17.5,15690,518,,355,-115,-13,,,,,,,,,,,,,,,,,,,,,,,,,,,,,,,,,,,,,,,,,,,,,,,,,,,,,,,,,,,,,,,,,,,,,,,,,,,,,,,,,,,,,,,,,,,,,,,,,,,,,,,,,,,,,30530,,,,,2020102417,,-115,,-13,,58171,171.22,58.171.22,58.171.22.2,58.171.2.2,,,,,,,,,,,,,,,,,,,,,,,,,,,,,,,,,,,,,,,,,,,,,,,,,,,,,,,,,,,,,,,,,,,,,,,,,,,,,,,,,,,,,,,,,,,,,,,,,,,,,,,,,,
SALISBURY_PLAINS_MA,,,,,,,,,,,10岿 24老,CSL,58,,,,,,,,,2050,123,32,2,4,0:56:29,,10,,3.11E+14,0.58,None,,,0.58,0.58,,,,,Y,,,,,RD,4,,32,0,,,,-2.8,,,,,,,,,,,,,,,,,,,,,,,,,,,,,,,,,,,,,,,,,,,,,,,,,,,,,,,,,,,,,,,,,,,,,,,6,,,,,0.74,0,0,,0,0,0,,,,3.56E+13,2,8572591460,Verizon Wireless | USA,,,,,,,,,,,,,,,,,,,,,,,,,,,,,,,,,,,,,,,,,,,-0.5,5000,0,,12,,,,82,,,,,,,,,,,,,,,,,,,,,,,,,,,,,,,,,,,,,,,,,,,,,,,,,,,,,,,,,,,,,,,,,,,,,,,,,,,,,,,,,,,,,,,,,,,,,,,,,,,,,,,,,,,,,,,,,,,,,,,,,,,,,,,,,,,,,,,,19752,,,,,2020102415,,,,,,58123,123.32,58.123.32,58.123.32.2,58.123.3.2,,,,,,,,,,,,,,,,,,,,,,,,,,,,,,,,,,,,,,,,,,,,,,,,,,,,,,,,,,,,,,,,,,,,,,,,,,,,,,,,,,,,,,,,,,,,,,,,,,,,,,,,,,
SALISBURY_PLAINS_MA,,,,,,,,,,,10岿 24老,CSL,58,,,,,,,,,2050,123,32,2,4,0:56:55,,14,,3.11E+14,0.58,None,,,0.58,0.58,,,,,Y,,,,,RD,4,,32,0,,,,-2.2,,,,,,,,,,,,,,,,,,,,,,,,,,,,,,,,,,,,,,,,,,,,,,,,,,,,,,,,,,,,,,,,,,,,,,,6,,,,,0.73,0,0,,0,0,0,,,,3.56E+13,2,8572591460,Verizon Wireless | USA,,,,,,,,,,,,,,,,,,,,,,,,,,,,,,,,,,,,,,,,,,,-0.5,8000,0,,11,,,,88,,,,,,,,,,,,,,,,,,,,,,,,,,,,,,,,,,,,,,,,,,,,,,,,,,,,,,,,,,,,,,,,,,,,,,,,,,,,,,,,,,,,,,,,,,,,,,,,,,,,,,,,,,,,,,,,,,,,,,,,,,,,,,,,,,,,,,,,18517,,,,,2020102419,,,,,,58123,123.32,58.123.32,58.123.32.2,58.123.3.2,,,,,,,,,,,,,,,,,,,,,,,,,,,,,,,,,,,,,,,,,,,,,,,,,,,,,,,,,,,,,,,,,,,,,,,,,,,,,,,,,,,,,,,,,,,,,,,,,,,,,,,,,,
AMESBURY_3_MA,,,,,,,,,,,10岿 24老,CSL,58,,,,,,,,,1025,171,24,4,2,0:57:53,,12,,3.11E+14,2.22,First,,,2.22,2.22,,,,,Y,,,,,Good,2,101,,0,,,,9.8,,,,,,0,A3,E,1025,1,58,171,24,57,-107,-14.5,15690,520,,355,-110,-15,,,,,,,,,,,,,,,,,,,,,,,,,,,,,,,,,,,,,,,,,,,,,,,,,6,,,,,3.73,0,0,,0,0,0,,,,3.56E+13,2,8572591460,Verizon Wireless | USA,,,,,,,,,,,,58171,24,2,1025,61291,24,2,1025,Y,,,Good,0,Good,,,,,,,,,,,,,,,,,,0.5,400,0,,3,,,,30,,,,,,,,,,,,,,,,,,,,,,,,,,,,,,,,,,,,,,,,,,,,,,,,,,,,,,,,,,,,,,,,,,,,,,,,,,,,,,,,,,,,,,,,,,,,,,,,,,,,,,,,,,,,,,,,,,,,,,,,,,,,,,,,,,,,,,,,26961,,,,,2020102417,,,,,,58171,171.24,58.171.24,58.171.24.4,58.171.2.4,,,,,,,,,,,,,,,,,,,,,,,,,,,,,,,,,,,,,,,,,,,,,,,,,,,,,,,,,,,,,,,,,,,,,,,,,,,,,,,,,,,,,,,,,,,,,,,,,,,,,,,,,,
ROCKPORT_2_MA,,,,,,,,,,,10岿 24老,CSL,58,,,,,,,,,1025,197,34,4,2,0:59:15,,7,,3.11E+14,4.74,None,,,4.74,4.74,,,,,Y,,,,,Good,1,102,57,0,,,,-4.6,,,,,,,,,,,,,,,,,,,,,,,,,,,,,,,,,,,,,,,,,,,,,,,,,,,,,,,,,,,,,,,,,,,,,,,6,,,,,8.19,0,0,,0,0,0,,,,3.56E+13,2,8572591460,Verizon Wireless | USA,,,,,,,,,,,,,,,,,,,,,,,,,,,,,,,,,,,,,,,,,,,2.5,5200,0,,,8,,10,196,,,,,,,,,,,,,,,,,,,,,,,,,,,,,,,,,,,,,,,,,,,,,,,,,,,,,,,,,,,,,,,,,,,,,,,,,,,,,,,,,,,,,,,,,,,,,,,,,,,,,,,,,,,,,,,,,,,,,,,,,,,,,,,,,,,,,,,,57680,,,,,2020102412,,,,,,58197,197.34,58.197.34,58.197.34.4,58.197.3.4,,,,,,,,,,,,,,,,,,,,,,,,,,,,,,,,,,,,,,,,,,,,,,,,,,,,,,,,,,,,,,,,,,,,,,,,,,,,,,,,,,,,,,,,,,,,,,,,,,,,,,,,,,
SALISBURY_PLAINS_MA,,,,,,,,,,,10岿 24老,CSL,58,,,,,,,,,2050,123,32,2,4,0:59:58,,7,,3.11E+14,0.68,None,,,0.68,0.68,,,,,Y,,,,,RD,4,,32,0,,,,-0.2,,,,,,,,,,,,,,,,,,,,,,,,,,,,,,,,,,,,,,,,,,,,,,,,,,,,,,,,,,,,,,,,,,,,,,,6,,,,,0.66,0,0,,0,0,0,,,,3.56E+13,2,8572591460,Verizon Wireless | USA,,,,,,,,,,,,,,,,,,,,,,,,,,,,,,,,,,,,,,,,,,,2.5,4400,600,,12,12,,,73,,,,,,,,,,,,,,,,,,,,,,,,,,,,,,,,,,,,,,,,,,,,,,,,,,,,,,,,,,,,,,,,,,,,,,,,,,,,,,,,,,,,,,,,,,,,,,,,,,,,,,,,,,,,,,,,,,,,,,,,,,,,,,,,,,,,,,,,7766,,,,,2020102412,,,,,,58123,123.32,58.123.32,58.123.32.2,58.123.3.2,,,,,,,,,,,,,,,,,,,,,,,,,,,,,,,,,,,,,,,,,,,,,,,,,,,,,,,,,,,,,,,,,,,,,,,,,,,,,,,,,,,,,,,,,,,,,,,,,,,,,,,,,,
